Romaji,Kanji,,
Sumitani,角谷,,
Kanbe,神戶,,
Shintani,新谷,,
Sogo,十河,,
Tsunoda,角田,,
Sannomiya,三宮,,
Saegusa,三枝,,
Kozuki,上月,,
Niu,丹生,,
Futaki,二木,,
Nobuta,信田,,
Izumi,出水,,
Tsuburaya,圓谷,,
Azumi,安積,,
Samukawa,寒川,,
Kotani,小谷,,
Onoue,尾上,,
Shinjo,新城,,
Hayata,早田,,
Iketani,池谷,,
Aburaya,油谷,,
Kumagai,熊谷,,
Yoneya,米谷,,
Habara,羽原,,
Mogi,茂木,,
Ibata,茨田,,
Kakui,角井,,
Nukata,額田,,
Tate,館,,
Shioya,鹽谷,,
Shichiri,七里,,
Mantani,万谷,,
Sannohe,三戶,,
Sanpei,三瓶,,
Mita,三田,,
Mitsuya,三矢,,
Mino,三野,,
Kamishiro,上代,,
Uwabo,上保,,
Ueshima,上島,,
Ueishi,上石,,
Uetani,上谷,,
Uesaka,上阪,,
Nakashiro,中城,,
Chuma,中馬,,
Tan,丹,,
Kuge,久下,,
Kuno,久野,,
Futagawa,二川,,
Goto,五島,,
Inoue,井上,,
Shida,信太,,
Ryokado,両角,,
Yashima,八島,,
Idei,出井,,
Idehara,出原,,
Demura,出村,,
Ideta,出田,,
Gyobu,刑部,,
Katsuta,勝田,,
Minamikawa,南川,,
Minamitani,南谷,,
Furuya,古家,,
Furushima,古島,,
Furuya,古谷,,
Yoshikawa,吉川,,
Kogo,向後,,
Kida,喜田,,
Shinomiya,四宮,,
Tsuchida,土田,,
Sotomura,外村,,
Okita,大来,,
Ogami,大神,,
Ofuji,大藤,,
Osumi,大角,,
Omichi,大道,,
Daimon,大門,,
Amatani,天谷,,
Ataka,安宅,,
Anraku,安樂,,
Obara,小原,,
Obi,小尾,,
Kojima,小島,,
Kobinata,小日向,,
Ogo,小河,,
Koji,小路,,
Kosaka,小阪,,
Yamagami,山上,,
Yamaga,山家,,
Yamaya,山谷,,
Sanmon,山門,,
Kishigami,岸上,,
Shimatani,島谷,,
Kawauchi,川內,,
Taira,平,,
Wagatsuma,我妻,,
Sashida,指田,,
Arata,新,,
Niina,新名,,
Shinko,新子,,
Shingu,新宮,,
Araya,新家,,
Araya,新屋,,
Shinyama,新山,,
Araki,新木,,
Shinden,新田,,
Shinya,新納,,
Shinmi,新美,,
Arano,新野,,
Shinzeki,新關,,
Kusaka,日下,,
Hinode,日出,,
Hinata,日向,,
Akita,明田,,
Haruhara,春原,,
Sueta,末田,,
Mototani,本谷,,
Karatani,柄谷,,
Yuzuki,柚木,,
Yanagimoto,柳本,,
Kakigi,柿木,,
Aibara,粟飯原,,
Kiritani,桐谷,,
Takekawa,武川,,
Mizukuchi,水口,,
Unno,海野,,
Asami,淺海,,
Tamaki,玉城,,
Namai,生井,,
Ubukata,生方,,
Toyama,當山,,
Shiraki,白木,,
Shiramizu,白水,,
Shirakami,白神,,
Maki,真木,,
Yahagi,矢作,,
Ishigami,石上,,
Ishitani,石谷,,
Isoya,磯谷,,
Kanzaki,神崎,,
Kamisawa,神澤,,
Kamifuji,神藤,,
Kamibe,神部,,
Kanno,神野,,
Inou,稻生,,
Yanai,箭內,,
Yonehara,米原,,
Yoshikazu,米島,,
Komeda,米田,,
Naya,納谷,,
Hosoki,細木,,
Hosoda,細田,,
Ibaraki,茨木,,
Suga,菅,,
Sugahara,菅原,,
Suda,菅田,,
Sugano,菅野,,
Fujitani,藤谷,,
Nishiumi,西海,,
Yuki,行木,,
Yukue,行方,,
Kinugawa,衣川,,
Kaku,角,,
Kadokura,角倉,,
Sunami,角南,,
Kadoya,角屋,,
Kadono,角野,,
Taniuchi,谷內,,
Tanida,谷田,,
Tanifuji,谷藤,,
Toshima,豐島,,
Sakai,逆井,,
Noro,野路,,
Kanaya,金谷,,
Hariya,針谷,,
Naga,長,,
Nagata,長田,,
Hase,長谷,,
Kadota,門田,,
Sakagami,阪上,,
Amemiya,雨宮,,
Amamori,雨森,,
Katsuki,香月,,
Kouzai,香西,,
Mawatari,馬渡,,
Kashima,鹿島,,
Ichii,一井,,
Ichimiya,一宮,,
Ichiyanagi,一柳,,
Ichinose,一瀨,,
Ban,万,,
Bandai,万代,,
Manno,万野,,
Mitsui,三井,,
Mitsuka,三塚,,
Miyake,三宅,,
Miyama,三山,,
Mikawa,三川,,
Miki,三木,,
Mimoto,三本,,
Mimori,三森,,
Mihashi,三橋,,
Mikado,三角,,
Mitani,三谷,,
Mibe,三部,,
Mima,三間,,
Uenaka,上中,,
Uekubo,上久保,,
Uei,上井,,
Uede,上出,,
Uehara,上原,,
Uechi,上地,,
Uegaki,上垣,,
Ueyama,上山,,
Ueoka,上岡,,
Uekawa,上川,,
Ueki,上木,,
Uemoto,上本,,
Uesugi,上杉,,
Uemura,上村,,
Uematsu,上松,,
Uebayashi,上林,,
Kamijo,上條,,
Uwasawa,上沢,,
Uwasawa,上澤,,
Ueda,上田,,
Uenishi,上西,,
Ueno,上野,,
Uenoyama,上野山,,
Uema,上間,,
Shimonaka,下中,,
Shimoi,下井,,
Shimohara,下原,,
Shimoji,下地,,
Shimoyama,下山,,
Shimojima,下島,,
Shimokawa,下川,,
Shimodaira,下平,,
Shimomura,下村,,
Shimoura,下浦,,
Shimozawa,下澤,,
Shimotani,下谷,,
Shimono,下野,,
Shimosaka,下阪,,
Nakagami,中上,,
Nakauchi,中內,,
Nakade,中出,,
Nakajima,中島,,
Nakahira,中平,,
Nakato,中東,,
Nakajo,中條,,
Nakada,中田,,
Nakafuji,中藤,,
Nakatani,中谷,,
Nakaji,中路,,
Marubashi,丸橋,,
Marutani,丸谷,,
Tange,丹下,,
Tanba,丹波,,
Kuze,久世,,
Kusumi,久住,,
Hisatomi,久富,,
Kuyama,久山,,
Kushima,久島,,
Kuga,久我,,
Hisamoto,久本,,
Kuda,久田,,
Otobe,乙部,,
Nii,二井,,
Ninomiya,二宮,,
Nimura,二村,,
Nikami,二神,, 
Isohata,五十畑,,
Sootome,五月女,,
Iuchi,井內,,
Iguchi,井口,,
Ito,井藤,,
Itani,井谷,,
Iseki,井關,,
Kyotani,京谷,,
Niida,仁井田,,
Nita,仁田,,
Ima,今,,
Imajo,今城,,
Imada,今田,,
Imasato,今里,,
Daita,代田,,
Nidaiira,仁平,,
Konno,今野,,
Nakaya,仲谷,,
Iba,伊庭,,
Iki,伊木,,
Izawa,伊澤,,
Ban,伴,,
Inami,伊波,,
Iseki,伊關,,
Fushiki,伏木,,
Banbayashi,伴林,,
Banno,伴野,,
Sumita,住田,,
Sumitani,住谷,,
Saeki,佐伯,,
Sasa,佐佐,,
Sasaki,佐佐木,,
Sahara,佐原,,
Sada,佐田,,
Yoda,依田,,
Yasui,保井,,
Yasuda,保田,,
Ito,依藤,,
Hoya,保谷,,
Nobuo,信夫,,
Nobukawa,信川,,
Mitsuyama,光山,,
Mitsuda,光田,,
Iriya,入谷,,
Utsumi,內海,,
Yashiro,八代,,
Yao,八尾,,
Kuradani,倉谷,,
Sobajima,傍島,,
Yamaki,八卷,,
Hatta,八田,,
Yasaka,八阪,,
Gushiken,具志堅,,
Deguchi,出口,,
Degawa,出川,,
Yahata,八幡,,
Hyodo,兵頭,,
Kariya,刈谷,,
Beppu,別府,,
Mae,前,,
Maehara,前原,,
Maeyama,前山,,
Soejima,副島,,
Chikaraishi,力石,,
Kaji,加地,,
Kaku,加來,,
Kennoki,劍木,,
Kennoki,劒木,,
Katsu,勝,,
Katsuya,勝谷,,
Katsuno,勝野,,
Kitade,北出,,
Hojo,北條,,
Kitahata,北畑,,
Kitatani,北谷,,
Chiku,千久,,
Chihara,千原,,
Chida,千田,,
Chigusa,千種,,
Chiga,千賀,,
Chino,千野,,
Handa,半田,,
Hanya,半谷,,
Minamikata,南方,,
Minamida,南田,,
Minamihata,南畑,,
Minamisato,南里,,
Minamino,南野,,
Kojo,古城,,
Furumiya,古宮,,
Furuya,古屋,,
Furuyama,古山,,
Furukawa,古川,,
Furuichi,古市,,
Furumura,古村,,
Furubayashi,古林,,
Furumori,古森,,
Furumoto,古本,,
Furukawa,古河,,
Furusawa,古澤,,
Furuse,古瀨,,
Furuta,古田,,
Furuhata,古畑,,
Koto,古藤,,
Furuno,古野,,
Furuseki,古關,,
Migita,右田,,
Goda,合田,,
Yoshihara,吉原,,
Yoshiyama,吉山,,
Yoshida,吉田,,
Yoshitani,吉谷,,
Nada,名田,,
Nagoe,名越,,
Mukai,向,,
Suita,吹田,,
Wake,和氣,,
Kato,嘉藤,,
Shikata,四方,,
Kunisawa,國澤,,
Kunitani,國谷,,
Koyama,向山,,
Mukaishima,向島,,
Mukoda,向田,,
Sudo,周藤,,
Kokubun,國分,,
Sonoda,園田,,
Doi,土井,,
Tsuchikura,土倉,,
Doi,土居,,
Toki,土岐,,
Tsuchikawa,土川,,
Hijikata,土方,,
Tsuchihashi,土橋,,
Tsuchiya,土谷,,
Domon,土門,,
Ariwara,在原,,
Kakiuchi,垣內,,
Jo,城,,
Shiroyama,城山,,
Shirota,城田,,
Shirono,城野,,
Shiroma,城間,,
Horiuchi,堀內,,
Hotta,堀田,,
Tsukada,塚田,,
Kido,城戶,,
Kidokoro,城所,,
Tsukagoshi,塚越,,
Masuko,增子,,
Masutani,增谷,,
Natsuyama,夏山,,
Toyama,外山,,
Togawa,外川,,
O,多,,
Tada,多田,,
Taga,多賀,,
Tagaya,多賀谷,,
Oue,大上,,
Omaru,大丸,,
Oide,大出,,
Omae,大前,,
Yamato,大和,,
Oshiro,大城,,
Oyake,大宅,,
Oie,大家,,
Ohira,大平,,
Oba,大庭,,
Otoku,大德,,
Ohinata,大日向,,
Ohigata,大日方,,
Ohigashi,大東,,
Omatsu,大松,,
Obayashi,大林,,
Oyanagi,大柳,,
Ohashi,大橋,,
Oike,大池,,
Okawara,大河原,,
Dairaku,大樂,,
Ota,大田,,
Otani,大谷,,
Oga,大賀,,
Osako,大迫,,
Onaga,大長,,
Ozeki,大關,,
Oshika,大鹿,,
Oguro,大黑,,
Amakawa,天川,,
Amada,天田,,
Amo,天羽,,
Okude,奧出,,
Okumiya,奧宮,,
Okudaira,奧平,,
Okutani,奧谷,,
Anezaki,姉崎,,
Senoo,妹尾,,
Ugaki,宇垣,,
Utsugi,宇津木,,
Moriya,守谷,,
Abo,安保,,
Yasui,安居,,
Ajima,安島,,
Yasuzawa,安澤,,
Yasufuku,安福,,
Abiru,安蒜,,
Anzai,安西,,
Yasumi,安見,,
Adachi,安達,,
Abe,安部,,
Asato,安里,,
Mune,宗,,
Munakata,宗像,,
Sokawa,宗川,,
Soda,宗田,,
Muroya,室谷,,
Miyauchi,宮內,,
Miyaji,宮地,,
Ieda,家田,,
Shukutani,宿谷,,
Toyama,富山,,
Togashi,富樫,,
Tomitani,富谷,,
Jitsukawa,實川,,
Teramae,寺前,,
Terashima,寺島,,
Terazawa,寺澤,,
Miymae,宮前,,
Teratani,寺谷,,
Konaka,小中,,
Komata,小俁,,
Ogura,小倉,,
Kominami,小南,,
Koguchi,小口,,
Kokuni,小國,,
Kozono,小園,,
Kobori,小堀,,
Kozuka,小塚,,
Komuro,小室,,
Kodera,小寺,,
Koyama,小山,,
Koyamada,小山田,,
Koiwa,小岩,,
Kosakai,小堺,,
Komine,小峰,,
Kozaki,小崎,,
Ogawa,小川,,
Obata,小幡,,
Kodaira,小平,,
Ogata,小形,,
Ogata,小方,,
Kogure,小暮,,
Kosone,小曾根,,
Kogi,小木,,
Kogiso,小木曾,,
Komura,小村,,
Koeda,小枝,,
Koyanagi,小柳,,
Koshiba,小柴,,
Oguri,小栗,,
Kohari,小張,,
Komoriya,小森谷,,
Kobashi,小橋,,
Ogawara,小河原,,
Konuma,小沼,,
Koura,小浦,,
Kobuchi,小淵,,
Kominato,小湊,,
Ozawa,小澤,,
Kohama,小濱,,
Kotaki,小瀧,,
Kose,小瀨,,
Koguma,小熊,,
Oda,小田,,
Odagiri,小田切,,
Odayama,小田山,,
Odajima,小田島,,
Odagawa,小田川,,
Obata,小畑,,
Koishi,小石,,
Komino,小美濃,,
Kosuge,小菅,,
Kofuji,小藤,,
Komiyama,小見山,,
Koyano,小谷野,,
Onuki,小貫,,
Ogoshi,小越,,
Kosakai,小酒井,,
Onose,小野瀨,,
Kobari,小針,,
Kodaka,小高,,
Koguro,小黑,,
Bito,尾藤,,
Yama,山,,
Kotake,小竹,,
Kozeki,小關,,
Koseki,小関,,
Yamai,山井,,
Yamauchi,山內,,
Yamashiro,山城,,
Yamamiya,山宮,,
Yamasaki,山崎,,
Yamahigashi,山東,,
Yamafuji,山藤,,
Yamamichi,山道,,
Okatani,岡谷,,
Iwade,岩出,,
Iwaki,岩城,,
Iwasaki,岩崎,,
Iwahashi,岩橋,,
Iwaya,岩谷,,
Shimabukuro,島袋,,
Kawato,川人,,
Kawahigashi,川東,,
Yamagoshi,山越,,
Kawada,川田,,
Kawanishi,川西,,
Kawatani,川谷,,
Kawamo,川面,,
Ichijima,市島,,
Ichikawa,市河,,
Ichise,市瀨,,
Nunokawa,布川,,
Nunotani,布谷,,
Hoashi,帆足,,
Hiraide,平出,,
Hirakawa,平川,,
Hirabayashi,平林,,
Hirakushi,平櫛,,
Hirata,平田,,
Hiratani,平谷,,
Hirama,平間,,
Koda,幸田,,
Fuchu,府中,,
Hirotani,廣谷,,
Takebe,建部,,
Yuge,弓削,,
Yuba,弓場,,
Oshida,忍田,,
Narushima,成島,,
Narikawa,成川,,
Naruse,成瀨,,
Togami,戶上,,
Totani,戶谷,,
Tosaka,戶阪,,
Ogitani,扇谷,,
Oshitani,押谷,,
Naritomi,成富,,
Tosaki,戶崎,,
Kakegawa,掛川,,
Fumino,文野,,
Niikura,新倉,,
Niihara,新原,,
Shingaki,新垣,,
Niibori,新堀,,
Nii,新居,,
Niikawa,新川,,
Niimoto,新本,,
Niimura,新村,,
Niimi,新見,,
Higurashi,日暮,,
Hioki,日置,,
Saotome,早乙女,,
Hoshitani,星谷,,
Harimoto,播本,,
Kasuga,春日,,
Aizawa,會澤,,
Aida,會田,,
Arishima,有島,,
Arita,有田,,
Kiuchi,木內,,
Kiba,木場,,
Kigure,木暮,,
Kito,木藤,,
Kiya,木谷,,
Sueki,末木,,
Honjo,本城,,
Honda,本多,,
Honda,本田,,
Motomiya,本宮,,
Motomura,本村,,
Honzawa,本澤,,
Motofuji,本藤,,
Kuchiki,朽木,,
Sugitani,杉谷,,
Muratani,村谷,,
Azuma,東,,
Higashihara,東原,,
Higashiguchi,東口,,
Higashiyama,東山,,
Higashikawa,東川,,
Higashimoto,東本,,
Tojo,東條,,
Shoji,東海林,,
Higashida,東田,,
Higashitani,東谷,,
Higashino,東野,,
Matsumae,松前,,
Matsuzaki,松崎,,
Suguri,村主,,
Matsubayashi,松林,,
Matsueda,松枝,,
Matsuhashi,松橋,,
Matsuura,松浦,,
Matsutani,松谷,,
Matsuzaka,松阪,,
Itano,板野,,
Karasawa,柄澤,,
Kashiwabara,柏原,,
Kashiwazaki,柏崎,,
Kashimura,柏村,,
Kashiwatani,柏谷,,
Someya,染谷,,
Yanagi,柳,,
Yanagishita,柳下,,
Yanai,柳井,,
Yanagihara,柳原,,
Yanaginuma,柳沼,,
Yanagitani,柳谷,,
Shibatani,柴谷,,
Yanase,柳瀨,,
Yanagida,柳田,,
Kurimura,栗村,,
Kurisu,栗栖,,
Kurita,栗田,,
Kuritani,栗谷,,
Kurino,栗野,,
Negoro,根來,,
Nemoto,根本,,
Momoi,桃井,,
Kuwabara,桑原,,
Kuwazawa,桑澤,,
Masushima,桝島,,
Masutani,桝谷,,
Oketani,桶谷,,
Umeshima,梅島,,
Umetani,梅谷,,
Kajiwara,梶原,,
Kajitani,梶谷,,
Morifuji,森藤,,
Moritani,森谷,,
Shiiki,椎木,,
Kusunoki,楠,,
Kusunoki,楠木,,
Kusunose,楠瀨,,
Narasaki,楢崎,,
Tsuchitani,槌谷,,
Hiue,樋上,,
Hiwatashi,樋渡,,
Hashitani,橋谷,,
Yokotani,橫谷,,
Sakuraba,櫻庭,,
Gonda,權田,,
Shoda,正田,,
Takeuchi,武內,,
Takeyama,武山,,
Takeichi,武市,,
Mushakoji,武者小路,,
Muto,武藤,,
Taketani,武谷,,
Higa,比嘉,,
Mizukami,水上,,
Morigami,森上,,
Enohara,榎原,,
Toda,樋田,,
Hashigami,橋上,,
Hashitaka,橋高,,
Mizuta,水田,,
Mizutani,水谷,,
Mizukoshi,水越,,
Nagashima,永島,,
Nagatani,永谷,,
Egami,江上,,
Ehara,江原,,
Ezaki,江崎,,
Eda,江田,,
Eto,江藤,,
Egashira,江頭,,
Ikegami,池上,,
Ikeuchi,池內,,
Ikebata,池端,,
Kawakami,河上,,
Kawanami,河南,,
Kawarada,河原田,,
Kawamoto,河本,,
Kouchi,河內,,
Kawahigashi,河東,,
Kawazu,河津,,
Kawada,河田,,
Kawanishi,河西,,
Kawano,河野,,
Aburai,油井,,
Izumikawa,泉川,,
Izumi,泉水,,
Izumitani,泉谷,,
Izumino,泉野,,
Urata,浦田,,
Kaiho,海保,,
Kaieda,海江田,,
Kaizu,海津,,
Kaito,海藤,,
Fukasaku,深作,,
Fukayama,深山,,
Fukaya,深谷,,
Fuchigami,淵上,,
Asatani,淺谷,,
Kiyomiya,清宮,,
Seika,清家,,
Shimizu,清水,,
Hata,波田,,
Kiyosawa,清澤,,
Kiyota,清田,,
Kiyofuji,清藤,,
Kiyono,清野,,
Watai,渡井,,
Watarai,渡會,,
Tokai,渡海,,
Watanabe,渡部,,
Yutani,湯谷,,
Shibuya,澀谷,,
Sawanobori,澤登,,
Hamagami,濱上,,
Hamatani,濱谷,,
Takigami,瀧上,,
Mizokami,溝上,,
Mitsuda,滿田,,
Urushihara,漆原,,
Takiya,瀧谷,,
Seo,瀨尾,,
Seto,瀨藤,,
Seya,瀨谷,,
Sumi,炭,,
Kumaki,熊木,,
Kano,狩野,,
Saruwatari,猿渡,,
Saruta,猿田,,
Sarutani,猿谷,,
Tamari,玉利,,
Tamaki,玉置,,
Tamatani,玉谷,,
Ikushima,生島,,
Ikusawa,生澤,,
Den,田,,
Ubukata,生形,,
Tagami,田上,,
Tahara,田原,,
Tatani,田谷,,
Tabe,田部,,
Tabei,田部井,,
Yui,由井,,
Hatakeyama,畑山,,
Hatada,畑田,,
Shirato,白土,,
Shirao,白尾,,
Hakusan,白山,,
Shirayanagi,白柳,,
Hakuta,白田,,
Shirafuji,白藤,,
Shirasaka,白阪,,
Shirasu,白須,,
Shiratori,白鳥,,
Mashiko,益子,,
Tauchi,田內,,
Azegami,畔上,,
Unesaki,畦崎,,
Aida,相田,,
Sanada,真田,,
Yanai,矢內,,
Yagawa,矢川,,
Yafuji,矢藤,,
Chiku,知久,,
Ishizaki,石崎,,
Ishito,石戶,,
Ishikawa,石河,,
Ishiwata,石渡,,
Jin,神,,
Kamiyoshi,神吉,,
Kamiyama,神山,,
Shinmei,神明,,
Kamibayashi,神林,,
Kanda,神田,,
Kamiya,神谷,,
Fuke,福家,,
Fukutani,福谷,,
Akita,秋田,,
Akitani,秋谷,,
Hata,秦,,
Hieda,稗田,,
Taneda,種田,,
Inai,稻井,,
Inatomi,稻富,,
Jinbo,神保,,
Kanbaru,神原,,
Kamizu,神津,,
Akiba,秋庭,,
Inaki,稻木,,
Inamura,稻村,,
Inatsu,稻津,,
Inatani,稻谷,,
Sekita,積田,,
Tateyama,立山,,
Tateoka,立岡,,
Tachimi,立見,,
Tatsuno,立野,,
Takegami,竹上,,
Takeuchi,竹內,,
Takezaki,竹崎,,
Taketani,竹谷,,
Takekoshi,竹越,,
Kasatani,笠谷,,
Sasatani,笹谷,,
Tsukushi,筑紫,,
Tsutsui,筒井,,
Kakei,筧,,
Hakoda,箱田,,
Tsukiyama,築山,,
Shino,篠,,
Komei,米井,,
Tateri,立入,,
Yonekura,米倉,,
Yoneyama,米山,,
Yoneoka,米岡,,
Yonezaki,米崎,,
Yonekawa,米川,,
Yonemoto,米本,,
Yonemura,米村,,
Yonezu,米津,,
Yonezawa,米澤,,
Kasuya,糟谷,,
Kihira,紀平,,
Notomi,納富,,
Kamitani,紙谷,,
Hosoyama,細山,,
Hosoe,細江,,
Hosoya,細谷,,
Kontani,紺谷,,
Tsunashima,綱島,,
Ajiro,網代,,
Amitani,網谷,,
Watatani,綿谷,,
Ogata,緒方,,
Oda,織田,,
Kogawa,粉川,,
Hayama,羽山,,
Ugo,羽後,,
Habashi,羽橋,,
Habuka,羽深,,
Hanyu,羽生,,
Hada,羽田,,
Hatano,羽田野,,
Haneishi,羽石,,
Haga,羽賀,,
Hida,肥田,,
Nomura,能村,,
Nomi,能美,,
Wakitani,脇谷,,
Wakisaka,脇阪,,
Okitsu,興津,,
Funabashi,舟橋,,
Funatsu,船津,,
Hanabatake,花畑,,
Hanatani,花谷,,
Haga,芳賀,,
Kayano,茅野,,
Chatani,茶谷,,
Arata,荒田,,
Arafune,荒船,,
Aratani,荒谷,,
Ogiwara,荻原,,
Sho,莊,,
Sugai,菅井,,
Suganuma,菅沼,,
Suganami,菅波,,
Sugaya,菅谷,,
Kikuchi,菊池,,
Kikutani,菊谷,,
Hishikari,菱刈,,
Hishitani,菱谷,,
Hagiwara,萩原,,
Hagitani,萩谷,,
Kuzuhara,葛原,,
Kamata,蒲田,,
Kabuki,蕪木,,
Susukida,薄田,,
Waratani,藁谷,,
Fuji,藤,,
Nozawa,能澤,,
Wakai,若生,,
Mobara,茂原,,
Chinone,茅根,,
Sugasawa,菅澤,,
Sugo,菅生,,
Fujiwara,藤原,,
Fujishiro,藤城,,
Todo,藤堂,,
Fujisaki,藤崎,,
Fujihira,藤平,,
Fujiki,藤木,,
Fujio,藤生,,
Fujino,藤野,,
Fujima,藤間,,
Ashitani,蘆谷,,
Hachiya,蜂谷,,
Ninagawa,蜷川,,
Nishigami,西上,,
Nishihara,西原,,
Nishimiya,西宮,,
Nishikawa,西川,,
Nishikawa,西河,,
Nishizawa,西澤,,
Nishifuji,西藤,,
Nishitani,西谷,,
Nishisaka,西阪,,
Kadokawa,角川,,
Shitara,設樂,,
Honda,譽田,,
Tanigami,谷上,,
Taninaka,谷中,,
Tanihara,谷原,,
Taniguchi,谷口,,
Tanishima,谷島,,
Tanikawa,谷川,,
Tanimura,谷村,,
Yatsu,谷津,,
Tanizawa,谷澤,,
Tanibe,谷部,,
Tanino,谷野,,
Toyoyama,豐山,,
Toyosawa,豐澤,,
Ihara,豬原,,
Ikuma,豬熊,,
Kaihara,貝原,,
Zaitsu,財津,,
Takarabe,財部,,
Kida,貴田,,
Akagi,赤城,,
Akasaki,赤崎,,
Akaboshi,赤星,,
Akagi,赤木,,
Akahashi,赤橋,,
Akada,赤田,,
Koshikawa,越川,,
Koshida,越田,,
Adachi,足立,,
Chikada,近田,,
Chikano,近野,,
Sako,迫,,
Sakoda,迫田,,
Hayami,速水,,
Henmi,逸見,,
Doke,道家,,
Toda,遠田,,
Gunji,郡司,,
Sakata,酒田,,
Nomiya,野宮,,
Nozu,野津,,
Nosaka,野阪,,
Nanami,那波,,
Kanemaru,金丸,,
Kanemitsu,金光,,
Kanehara,金原,,
Kinjo,金城,,
Kanazaki,金崎,,
Kanekawa,金川,,
Kanenari,金成,,
Kanazawa,金澤,,
Kanamori,金森,,
Kaneda,金田,,
Nabeya,鍋谷,,
Kagiya,鍵谷,,
Kamata,鎌田,,
Kamatani,鎌谷,,
Kaburagi,鏑木,,
Chonan,長南,,
Nagamura,長村,,
Nagatsuka,長束,,
Osafune,長船,,
Nagabe,長部,,
Nagano,長野,,
Zeniya,錢谷,,
Kadoi,門井,,
Kadokura,門倉,,
Kadoguchi,門口,,
Moji,門司,,
Kadono,門野,,
Kadoma,門間,,
Monma,門馬,,
Aida,間,,
Mabe,間部,,
Sekiyama,關山,,
Sekito,關戶,,
Sekiya,關谷,,
Saka,阪,,
Sakauchi,阪內,,
Bando,阪東,,
Sakano,阪野,,
Agawa,阿川,,
Jinnai,陣內,,
Suyama,陶山,,
Banzai,阪西,,
Sumida,隅田,,
Aoshika,青鹿,,
Suzaki,須崎,,
Hida,飛田,,
Iio,飯尾,,
Aiba,饗庭,,
Shudo,首藤,,
Iizumi,飯泉,,
Koda,香田,,
Baba,馬場,,
Majima,馬島,,
Komaya,駒谷,,
Taka,高,,
Takahisa,高久,,
Takagi,高城,,
Takayama,高山,,
Takamine,高峰,,
Takaichi,高市,,
Takahira,高平,,
Takatsuki,高月,,
Takatsu,高津,,
Takazawa,高澤,,
Takada,高田,,
Takafuji,高藤,,
Takaya,高谷,,
Takano,高野,,
Takasaka,高阪,,
Onijima,鬼島,,
Onizawa,鬼澤,,
Uotani,魚谷,,
Samejima,鮫島,,
Toriumi,鳥海,,
Toritani,鳥谷,,
Torigoe,鳥越,,
Torikai,鳥飼,,
Narushima,鳴島,,
Kamoda,鴨田,,
Ukai,鵜飼,,
Tsurusawa,鶴澤,,
Tsurutani,鶴谷,,
Washimi,鷲見,,
Enzan,鹽山,,
Shiozaki,鹽崎,,
Shikakura,鹿倉,,
Shikada,鹿田,,
Shikano,鹿野,,
Aso,麻生,,
Asano,麻野,,
Kurozumi,黑住,,
Kurosawa,黑澤,,
Kuroda,黑田,,
Ryuzaki,龍崎,,
Ryuta,龍田,,
Tatsuno,龍野,,
Kametani,龜谷,,
Ichimada,一万田,,
Ichien,一丹,,
Ichinose,一之瀨,,
Ichiriki,一力,,
Ichinohe,一戶,,
Ichiki,一木,,
Hitosugi,一杉,,
Ichimura,一村,,
Ichijo,一條,,
Hitotsubashi,一橋,,
Ichio,一翁,,
Isshiki,一色,,
Ichitani,一谷,,
Ichiryusai,一龍齋,,
Nanai,七井,,
Nanao,七尾,,
Shichijo,七條,,
Nanasawa,七澤,,
Shichino,七野,,
Manda,万田,,
Hasekura,丈倉,,
Hasebe,丈部,,
Mikami,三上,,
Miida,三井田,,
Miyokawa,三代川,,
Mikura,三倉,,
Mihara,三原,,
Mitomo,三友,,
Miyoshi,三吉,,
Miwa,三和,,
Mishina,三品,,
Miyoshi,三善,,
Mikuni,三國,,
Mitsuchi,三土,,
Mitsubori,三堀,,
Miyoshi,三好,,
Mimuro,三室,,
Mitomi,三富,,
Mio,三尾,,
Mishima,三島,,
Misaki,三崎,,
Mihira,三平,,
Mihori,三掘,,
Misugi,三杉,,
Mimura,三村,,
Mimatsu,三松,,
Mishiba,三柴,,
Mine,三根,,
Sanjo,三條,,
Mitsuji,三次,,
Miike,三池,,
Mikawa,三河,,
Minami,三波,,
Miura,三浦,,
Mibuchi,三淵,,
Misawa,三澤,,
Mise,三瀨,,
Mitamura,三田村,,
Miyoshi,三由,,
Midome,三留,,
Mitsuishi,三石,,
Mikami,三神,,
Mishina,三科,,
Mitake,三竹,,
Mitoma,三笘,,
Mifune,三船,,
Miwa,三輪,,
Misako,三迫,,
Mitsuji,三遷,,
Mieno,三重野,,
Minomura,三野村,,
Mikado,三門,,
Miseki,三關,,
Misaka,三阪,,
Mikumo,三雲,,
Misu,三須,,
Miki,三鬼,,
Kamikura,上倉,,
Kamitsukasa,上司,,
Uezono,上園,,
Kamio,上尾,,
Kamihira,上平,,
Uekawa,上河,,
Kaminuma,上沼,,
Joko,上甲,,
Uehata,上畑,,
Kazusa,上總,,
Ueba,上羽,,
Kamino,上農,,
Kadono,上遠野,,
Uezato,上里,,
Shimo,下,,
Shimomoto,下元,,
Shimode,下出,,
Shimozono,下園,,
Shimojo,下城,,
Shimotsuma,下妻,,
Shimoyamada,下山田,,
Shimooka,下岡,,
Shimosaki,下崎,,
Shimosone,下曾根,,
Shimobayashi,下林,,
Shimojo,下條,,
Shimoe,下江,,
Shimotsu,下津,,
Shimono,下濃,,
Shimose,下瀨,,
Shimoda,下田,,
Shitahodo,下程,,
Shimofusa,下總,,
Kato,下藤,,
Shimonishi,下西,,
Shimomichi,下道,,
Shimozato,下里,,
Shimoiizaka,下飯阪,,
Shimotori,下鳥,,
Fuwa,不破,,
Seko,世古,,
Serei,世禮,,
Yotsugi,世繼,,
Seko,世耕,,
Sera,世良,,
Nabika,並河,,
Namisato,並里,,
Naka,中,,
Nakamigawa,中上川,,
Nakashita,中下,,
Nakamaru,中丸,,
Nakakuki,中久喜,,
Nakai,中井,,
Nakaigawa,中井川,,
Nakadai,中代,,
Nakamata,中俁,,
Nakakura,中倉,,
Nakamoto,中元,,
Nakamae,中前,,
Nakatsukasa,中務,,
Nakakita,中北,,
Nakahara,中原,,
Nakakuchi,中口,,
Nakadai,中台,,
Nakatsukasa,中司,,
Nakasono,中園,,
Nakachi,中地,,
Nakatsubo,中坪,,
Nakagaki,中垣,,
Nakabori,中堀,,
Nakado,中堂,,
Nakatsuka,中塚,,
Nakata,中多,,
Nakayasu,中安,,
Nakaie,中家,,
Nakatomi,中富,,
Nakakoji,中小路,,
Nakao,中尾,,
Nakai,中居,,
Nakaya,中屋,,
Nakayama,中山,,
Nakaoka,中岡,,
Nakasaki,中崎,,
Nakagawa,中川,,
Nakaichi,中市,,
Nakaniwa,中庭,,
Nakasone,中曾根,,
Nakaki,中木,,
Nakamoto,中本,,
Nakasugi,中杉,,
Nakamura,中村,,
Nakamatsu,中松,,
Nakabayashi,中林,,
Nakane,中根,,
Nakagiri,中桐,,
Nakamori,中森,,
Nakahashi,中橋,,
Nakatake,中武,,
Nakae,中江,,
Nakagawa,中河,,
Nakaizumi,中泉,,
Nakatsu,中津,,
Nakatsui,中津井,,
Nakatsugawa,中津川,,
Nakaura,中浦,,
Nakamizo,中溝,,
Nakazawa,中澤,,
Nakano,中濃,,
Nakahama,中濱,,
Nakase,中瀨,,
Nakamuta,中牟田,,
Nakamaki,中牧,,
Nakamachi,中町,,
Nakahata,中畑,,
Nakaya,中矢,,
Nakagami,中神,,
Nakasuji,中筋,,
Nakanoshima,中能島,,
Nakatomi,中臣,,
Nakakuki,中莖,,
Nakanishi,中西,,
Nakakoshi,中越,,
Nakamichi,中道,,
Nakabe,中部,,
Nakazato,中里,,
Nakano,中野,,
Chubachi,中鉢,,
Nakama,中間,,
Nakanoin,中院,,
Nakashizu,中靜,,
Nakasu,中須,,
Kushida,串田,,
Maru,丸,,
Marui,丸井,,
Maruko,丸子,,
Maruo,丸尾,,
Maruya,丸屋,,
Maruyama,丸山,,
Maruoka,丸岡,,
Marushima,丸島,,
Marukawa,丸川,,
Maruki,丸木,,
Marumoto,丸本,,
Marubayashi,丸林,,
Marusawa,丸澤,,
Maruta,丸田,,
Marumo,丸茂,,
Maruno,丸野,,
Maruo,丹尾,,
Tango,丹後,,
Tanji,丹治,,
Tanzawa,丹澤,,
Tanda,丹田,,
Niwa,丹羽,,
Tanno,丹野,,
Nogi,乃木,,
Hisai,久井,,
Kushiro,久代,,
Kubo,久保,,
Kuboi,久保井,,
Kubodera,久保寺,,
Kuboyama,久保山,,
Kuboshima,久保島,,
Kubokawa,久保川,,
Kuboki,久保木,,
Kubomura,久保村,,
Kubota,久保田,,
Kubotani,久保谷,,
Kuhara,久原,,
Kusumegi,久壽米木,,
Hisaoka,久岡,,
Hisakawa,久川,,
Kubushiro,久布白,,
Kushi,久志,,
Kushikata,久志堅,,
Hisatsune,久恒,,
Kuji,久慈,,
Kukita,久木田,,
Kumura,久村,,
Hisamatsu,久松,,
Hisaita,久板,,
Kujime,久次米,,
Hisanaga,久永,,
Kutsumi,久津見,,
Kutsuma,久津間,,
Hisao,久生,,
Kurushima,久留島,,
Kuruma,久留間,,
Kume,久米,,
Kuno,久能,,
Kudo,久藤,,
Kusaka,久阪,,
Kusumi,久隅,,
Kusumi,久須美,,
Norimatsu,乘松,,
Noritake,乘竹,,
Otohata,乙幡,,
Ototake,乙竹,,
Otoguro,乙黑,,
Kujo,九條,,
Kokonoe,九重,,
Kuki,九鬼,,
Inui,乾,,
Futagami,二上,,
Nijo,二條,,
Nihei,二瓶,,
Nitta,二田,,
Futara,二荒,,
Futaba,二葉,,
Nito,二藤,,
Futami,二見,,
Nikaido,二階堂,,
Goi,五井,,
Godai,五代,,
Gorai,五來,,
Igarashi,五十嵐,,
Isokawa,五十川,,
Gomi,五味,,
Goseda,五姓田,,
Gosho,五所,,
Gomei,五明,,
Gokita,五木田,,
Gojo,五條,,
Iogi,五百木,,
Goto,五藤,,
Gokano,五賀野,,
Ishita,井下,,
Igeta,井下田,,
Inokuchi,井之口,,
Ii,井伊,,
Ibuse,井伏,,
Imoto,井元,,
Ide,井出,,
Ihara,井原,,
Igaki,井垣,,
Iba,井場,,
Ijiri,井尻,,
Iyama,井山,,
Ioka,井岡,,
Ijima,井島,,
Izaki,井崎,,
Ikawa,井川,,
Igata,井形,,
Ido,井戶,,
Idokawa,井戶川,,
Idomoto,井戶本,,
Itoda,井戶田,,
Ide,井手,,
Ihori,井掘,,
Imoto,井本,,
Imura,井村,,
Ito,井東,,
Igeta,井桁,,
Ihashi,井橋,,
Izumi,井泉,,
Inami,井波,,
Iura,井浦,,
Izawa,井澤,,
Ikuma,井熊,,
Ida,井田,,
Ibata,井畑,,
Izutsu,井筒,,
Igusa,井草,,
Ito,井遠,,
Ibe,井部,,
Ino,井野,,
Inoguchi,井野口,,
Inokawa,井野川,,
Inobe,井野邊,,
Isaka,井阪,,
Ito,井頭,,
Watari,亘,,
Kyoi,京井,,
Kyoyama,京山,,
Kyogoku,京極,,
Kyoda,京田,,
Kyono,京野,,
Hitomi,人見,,
Nii,仁井,,
Niki,仁木,,
Nimura,仁村,,
Nire,仁禮,,
Nishina,仁科,,
Nito,仁藤,,
Imanaka,今中,,
Imai,今井,,
Imaida,今井田,,
Imanaka,今仲,,
Imaide,今出,,
Imadegawa,今出川,,
Imakita,今北,,
Imayoshi,今吉,,
Imahori,今堀,,
Imamiya,今宮,,
Imakoji,今小路,,
Imao,今尾,,
Imaoka,今岡,,
Imagawa,今川,,
Imaichi,今市,,
Imanari,今成,,
Imaki,今木,,
Imamoto,今本,,
Imamura,今村,,
Imamatsu,今松,,
Imabayashi,今林,,
Imaeda,今枝,,
Imahashi,今橋,,
Imaike,今池,,
Imaizumi,今泉,,
Imazu,今津,,
Imazawa,今澤,,
Imafuku,今福,,
Imanishi,今西,,
Imazeki,今關,,
Imasaka,今阪,,
Senba,仙波,,
Senda,仙田,,
Sengoku,仙石,,
Ito,以頭,,
Naka,仲,,
Nakamaru,仲丸,,
Nakai,仲井,,
Nakasa,仲佐,,
Nakamata,仲俁,,
Nakahara,仲原,,
Nakayoshi,仲吉,,
Nakazone,仲宗根,,
Nakao,仲尾,,
Nakayama,仲山,,
Nakashima,仲島,,
Nakagawa,仲川,,
Nakasone,仲曾根,,
Nakamoto,仲本,,
Nakamura,仲村,,
Nakajo,仲條,,
Nakazawa,仲澤,,
Nakada,仲田,,
Nakanishi,仲西,,
Nakazato,仲里,,
Nakano,仲野,,
Nakama,仲馬,,
I,伊,,
Itami,伊丹,,
Korehisa,伊久,,
Iyo,伊予,,
Iyota,伊予田,,
Ii,伊井,,
Isa,伊佐,,
Isano,伊佐野,,
Iyobe,伊余部,,
Ikura,伊倉,,
Ise,伊勢,,
Ihara,伊原,,
Ikota,伊古田,,
Iki,伊吉,,
Ibuki,伊吹,,
Ijichi,伊地知,,
Ina,伊奈,,
Iki,伊岐,,
Izaki,伊崎,,
Igawa,伊川,,
Igata,伊形,,
Ito,伊東,,
Ihashi,伊橋,,
Iji,伊治,,
Ikuma,伊熊,,
Iono,伊王野,,
Ida,伊田,,
Ikami,伊神,,
Ifukube,伊福部,,
Ino,伊能,,
Iyota,伊與田,,
Irako,伊良子,,
Iraha,伊良波,,
Ito,伊藤,,
Izu,伊豆,,
Iga,伊賀,,
Date,伊達,,
Ibe,伊部,,
Ino,伊野,,
Isaka,伊阪,,
Ijuin,伊集院,,
Ito,伊頭,,
Godo,伍堂,,
Fuseya,伏屋,,
Fushimi,伏見,,
Denta,伝田,,
Hakui,伯井,,
Tsukuda,佃,,
Tadaki,但木,,
Tadano,但野,,
Tajima,但馬,,
Ito,位藤,,
Ito,位頭,,
Sumi,住,,
Sumitomo,住友,,
Sumiyoshi,住吉,,
Sumikawa,住川,,
Sumimoto,住本,,
Sumino,住野,,
Sakuma,佐久間,,
Sai,佐井,,
Sakyo,佐京,,
Sasai,佐佐井,,
Sasakibara,佐佐木原,,
Sasano,佐佐野,,
Samata,佐俁,,
Sakura,佐倉,,
Saburi,佐分利,,
Sako,佐古,,
Sakota,佐古田,,
Sami,佐味,,
Sakima,佐喜真,,
Satsuka,佐塚,,
Sata,佐多,,
Saso,佐宗,,
Sayama,佐山,,
Sajima,佐島,,
Sagawa,佐川,,
Sakawada,佐川田,,
Sabashi,佐橋,,
Satake,佐武,,
Saji,佐治,,
Sado,佐渡,,
Sase,佐瀨,,
Sasho,佐生,,
Sadano,佐田野,,
Satake,佐竹,,
Sano,佐納,,
Sato,佐藤,,
Satani,佐谷,,
Sakai,佐貝,,
Sanuki,佐貫,,
Saga,佐賀,,
Sagoya,佐鄉屋,,
Sano,佐野,,
Yo,余,,
Yoda,余田,,
Yogo,余語,,
Sakuyama,作山,,
Sakusabe,作左部,,
Sakumoto,作本,,
Sakuta,作田,,
Sakuma,作間,,
Kato,佳藤,,
Kuruhara,來原,,
Kijima,來島,,
Kurusu,來栖,,
Kitazawa,來澤,,
Kita,來田,,
Kuruma,來馬,,
Kimata,俁,,
Matano,俁野,,
Hokura,保倉,,
Hori,保利,,
Hodota,保土田,,
Yasuoka,保岡,,
Hodotsuka,保戶塚,,
Hodota,保戶田,,
Yasuki,保木,,
Yasumoto,保本,,
Hobo,保母,,
Hoizumi,保泉,,
Hoshina,保科,,
Hotate,保立,,
Hosaka,保阪,,
Yasutaka,保高,,
Nobuhara,信原,,
Nobuoka,信岡,,
Nobutoki,信時,,
Nobusawa,信澤,,
Shinano,信濃,,
Shinki,信貴,,
Shinabu,信部,,
Kura,倉,,
Kuragami,倉上,,
Kurai,倉井,,
Kuramitsu,倉光,,
Kurauchi,倉內,,
Kuramata,倉又,,
Kurashina,倉品,,
Kurachi,倉地,,
Kuratomi,倉富,,
Kuraoka,倉岡,,
Kurashima,倉島,,
Kuranari,倉成,,
Kuramochi,倉持,,
Kurakata,倉方,,
Kuraki,倉木,,
Kuramoto,倉本,,
Kurabayashi,倉林,,
Kurahashi,倉橋,,
Kurasawa,倉澤,,
Kurata,倉田,,
Kurachi,倉知,,
Kuraishi,倉石,,
Kurashina,倉科,,
Kurashige,倉繁,,
Kurashige,倉茂,,
Kurabe,倉部,,
Kurashige,倉重,,
Kurano,倉野,,
Tsutaeda,傳田,,
Gima,儀間,,
Mamata,儘田,,
Motoi,元井,,
Motoyoshi,元吉,,
Motoyama,元山,,
Motooka,元岡,,
Motojima,元島,,
Motokawa,元川,,
Motoki,元木,,
Motomura,元村,,
Motohashi,元橋,,
Motosawa,元澤,,
Motoda,元田,,
Motora,元良,,
Mototani,元谷,,
Sakiyama,先山,,
Senzaki,先崎,,
Mitsui,光井,,
Mitsuyoshi,光吉,,
Mitsuyasu,光安,,
Mitsuoka,光岡,,
Mitsushima,光島,,
Mitsusaki,光崎,,
Mitsukawa,光川,,
Mitsumoto,光本,,
Mitsumura,光村,,
Mitsunaga,光永,,
Mitsusawa,光澤,,
Mitsufuji,光藤,,
Mitsuyuki,光行,,
Mitsuno,光野,,
Irimajiri,入交,,
Irikura,入倉,,
Iriguchi,入口,,
Iriyama,入山,,
Irimura,入村,,
Irie,入江,,
Irisawa,入澤,,
Irino,入野,,
Uchikura,內倉,,
Uchihara,內原,,
Uchigaki,內垣,,
Uchibori,內堀,,
Uchiyama,內山,,
Uchikawa,內川,,
Uchiki,內木,,
Uchimoto,內本,,
Uchimura,內村,,
Uchida,內田,,
Uchiya,內矢,,
Naito,內藤,,
Uchino,內野,,
Uchima,內間,,
Yageta,八下田,,
Yatsunami,八並,,
Yakura,八倉,,
Yasoshima,八十島,,
Yasogawa,八十川,,
Yashiro,八城,,
Yatsuka,八塚,,
Hatta,八太,,
Yago,八子,,
Yahiro,八尋,,
Yaoita,八尾板,,
Hachikata,八方,,
Yagi,八木,,
Yagishita,八木下,,
Yagihara,八木原,,
Yagihashi,八木橋,,
Yagisawa,八木澤,,
Yagita,八木田,,
Yasugi,八杉,,
Yatsuhashi,八橋,,
Yazawa,八澤,,
Yaoita,八百板,,
Yasumi,八角,,
Yaegashi,八重樫,,
Hachino,八野,,
Yakuwa,八鍬,,
Kumon,公文,,
Mutobe,六人部,,
Rokugawa,六川,,
Roppongi,六本木,,
Rokubutsu,六物,,
Mukasa,六笠,,
Rokkaku,六角,,
Muguruma,六車,,
Rokugo,六鄉,,
Hyodo,兵藤,,
Kaneko,兼子,,
Kanetsune,兼常,,
Kanehira,兼平,,
Kanematsu,兼松,,
Kaneda,兼田,,
Kanesaka,兼阪,,
Kanmuri,冠,,
Meio,冥王,,
Hikami,冰上,,
Himuro,冰室,,
Himi,冰見,,
Ide,出,,
Idemitsu,出光,,
Dejima,出島,,
Deura,出浦,,
Izumi,出海,,
Debuchi,出淵,,
Deme,出目,,
Dewa,出羽,,
Deno,出野,,
Izumo,出雲,,
Tori,刀利,,
Tone,刀根,,
Tone,刀禰,,
Wakebe,分部,,
Hatsuyama,初山,,
Hatsumura,初村,,
Hatsusawa,初澤,,
Hatsuse,初瀨,,
Hatsuta,初田,,
Hatsushiba,初芝,,
Hatsumi,初見,,
Hatsutani,初谷,,
Hatsugano,初鹿野,,
Betsuyaku,別役,,
Bessho,別所,,
Toshikura,利倉,,
Toshimitsu,利光,,
Toshikawa,利川,,
Tone,利根,,
Toneyama,利根山,,
Tonegawa,利根川,,
Kagata,利田,,
kagabe,利部,,
Noritake,則武,,
Maenaka,前中,,
Maede,前出,,
Maeo,前尾,,
Maeoka,前岡,,
Maejima,前島,,
Maekawa,前川,,
Maedo,前戶,,
Maemura,前村,,
Maebashi,前橋,,
Maezawa,前澤,,
Maeda,前田,,
Maedako,前田河,,
Maehata,前畑,,
Maenishi,前西,,
Maetani,前谷,,
Maeno,前野,,
Soeda,副田,,
Ryu,劉,,
Kenmochi,劍持,,
Rikihisa,力久,,
Rikitake,力武,,
Kunugi,功刀,,
Kuwae,加,,
Kakurai,加倉井,,
Kagami,加加美,,
Kagami,加加見,,
Kako,加古,,
Kakogawa,加古川,,
Kayama,加山,,
Kashima,加島,,
Kagawa,加川,,
Kasori,加曾利,,
Kamura,加村,,
Kato,加東,,
kaji,加治,,
Kajiki,加治木,,
Kase,加瀨,,
Kata,加田,,
Kato,加登,,
Kano,加納,,
Kato,加統,,
Kano,加能,,
Kaya,加舍,,
Kamo,加茂,,
Kato,加藤,,
Katogi,加藤木,,
Kaga,加賀,,
Kagayama,加賀山,,
Kagayama,加賀矢間,,
Kagami,加賀美,,
Kagami,加賀見,,
Kagaya,加賀谷,,
Kabe,加部,,
Kano,加野,,
Kato,加頭,,
Sukekawa,助川,,
Suketa,助田,,
Mutai,務台,,
Katsui,勝井,,
Katsumata,勝亦,,
Katsumata,勝俁,,
Katsukura,勝倉,,
Katsuhara,勝原,,
Katsumata,勝又,,
Suguro,勝呂,,
Katsuyama,勝山,,
Katsushima,勝島,,
Katsukawa,勝川,,
Katsuki,勝木,,
Katsumoto,勝本,,
Katsumura,勝村,,
Katsunuma,勝沼,,
Katsuura,勝浦,,
Katsuzawa,勝澤,,
Katsuya,勝矢,,
Katsumata,勝股,,
Katsunishi,勝西,,
Katsumi,勝見,,
Katsube,勝部,,
Katsuma,勝間,,
Katsumata,勝間田,,
Kita,北,,
Kitaue,北上,,
Kitanaka,北中,,
Kitai,北井,,
Kitadai,北代,,
Kitauchi,北內,,
Kitahara,北原,,
Kitaguchi,北口,,
Kitamuki,北向,,
Kitazono,北園,,
Kitagaki,北垣,,
Kitaoji,北大路,,
Kitakoji,北小路,,
Kitao,北尾,,
Kitayama,北山,,
Kitaoka,北岡,,
Kitagishi,北岸,,
Kitamine,北峰,,
Kitajima,北島,,
Kitazaki,北崎,,
Kitagawa,北川,,
Kitakata,北方,,
Kitamoto,北本,,
Kitamura,北村,,
Kitabayashi,北林,,
Kitamori,北森,,
Kitahashi,北橋,,
Kitaike,北池,,
Kitaura,北浦,,
Kitazoe,北添,,
Kitazawa,北澤,,
Kitahama,北濱,,
Kitatsume,北爪,,
Kitada,北田,,
Kitawaki,北脅,,
Kitanishi,北西,,
Kitami,北見,,
Kitazume,北詰,,
Kitatsuji,北邊,,
Kitago,北鄉,,
Kitazato,北里,,
Kitano,北野,,
Kitakaze,北風,,
Kitadate,北館,,
Juichiya,十一谷,,
Togawa,十川,,
Jumonji,十文字,,
Chigasaki,千ヶ崎,,
Chiyo,千代,,
Chiyomiya,千代宮,,
chijiwa,千千石,,
Senge,千家,,
Chiya,千屋,,
Chishima,千島,,
Senzaki,千崎,,
Chiaki,千明,,
Chigira,千木良,,
Chimura,千村,,
Sengoku,千石,,
Chiaki,千秋,,
Chiwaki,千脇,,
Chiba,千葉,,
Chitani,千谷,,
Chigira,千金良,,
Chisaka,千阪,,
Chikami,千頭,,
Masui,升井,,
Masujima,升島,,
Masukawa,升川,,
Masumoto,升本,,
Masuda,升田,,
Masutani,升谷,,
Gocho,午腸,,
Nakarai,半井,,
Hanmura,半村,,
Hanzawa,半澤,,
Hando,半藤,,
Minami,南,,
Nanbo,南保,,
Minamide,南出,,
Nanbara,南原,,
Minamiguchi,南口,,
Nanba,南場,,
Nangu,南宮,,
Minamiyama,南山,,
Nannichi,南日,,
Minamimoto,南本,,
Minamimura,南村,,
Nanjo,南條,,
Nanba,南波,,
Minamiura,南浦,,
Minamisawa,南澤,,
Nanbu,南部,,
Nagumo,南雲,,
Hakata,博多,,
Urabe,卜部,,
Urabe,占部,,
Utsuki,卯月,,
Innami,印南,,
Kaneaki,印牧,,
Into,印藤,,
Kiso,危寸,,
Maki,卷,,
Makishima,卷島,,
Makita,卷田,,
Atsukawa,厚川,,
Atsuki,厚木,,
Hara,原,,
Harai,原井,,
Haraguchi,原口,,
Harayama,原山,,
Harashima,原島,,
Harakawa,原川,,
Haramoto,原本,,
Harasawa,原澤,,
Harada,原田,,
Harabe,原邊,,
Harano,原野,,
Matayoshi,又吉,,
Matano,又野,,
Oikawa,及川,,
Tomoi,友井,,
Tomomitsu,友光,,
Tomotsune,友常,,
Tomonari,友成,,
Tomomatsu,友松,,
Tomonaga,友永,,
Tomosawa,友澤,,
Tomoda,友田,,
Tomobe,友部,,
Tomono,友野,,
Sorimachi,反町,,
Ukeda,受田,,
Furuya,古,,
Furukubo,古久保,,
Furui,古井,,
Furumata,古俁,,
Furuuchi,古內,,
Furuguchi,古口,,
Kozai,古在,,
Kouta,古宇田,,
Kodera,古寺,,
Koyanaka,古屋仲,,
Furuoka,古岡,,
Furuhira,古平,,
Furusho,古庄,,
Furuki,古木,,
Koto,古東,,
Furuhashi,古橋,,
Furue,古江,,
Furuike,古池,,
Koma,古滿,,
Kotado,古田土,,
Kotajima,古田島,,
Koya,古矢,,
Kohitsu,古筆,,
Furusho,古莊,,
Furumi,古見,,
Koyano,古谷野,,
Koga,古賀,,
Furugori,古郡,,
Kokan,古閑,,
Furutate,古館,,
Tadaki,只木,,
Tadano,只野,,
Kato,可藤,,
Utena,台,,
Daidokoro,台所,,
Ukon,右近,,
Kano,叶,,
Kanouchi,叶內,,
Tsukasa,司,,
Shiba,司馬,,
Kagami,各務,,
Gassho,合掌,,
Aizawa,合澤,,
Yoshinaka,吉中,,
Yoshii,吉井,,
Yoshizumi,吉住,,
Yoshikura,吉倉,,
Kibi,吉備,,
Yoshimoto,吉元,,
Yoshimitsu,吉光,,
Yoshiuchi,吉內,,
Yoshikane,吉兼,,
Yoshikuni,吉國,,
Yoshimasu,吉增,,
Yoshitomi,吉富,,
Yoshio,吉尾,,
Yoshiya,吉屋,,
Yoshioka,吉岡,,
Yoshijima,吉島,,
Yoshizaki,吉崎,,
Yoshihiro,吉弘,,
Yoshinari,吉成,,
Yoshiki,吉木,,
Yoshimoto,吉本,,
Yoshimura,吉村,,
Yoshimatsu,吉松,,
Yoshimori,吉森,,
Yoshiue,吉植,,
Yoshihashi,吉橋,,
Yoshitake,吉武,,
Yoshimizu,吉水,,
Yoshinaga,吉永,,
Yoshie,吉江,,
Yoshiike,吉池,,
Yoshikawa,吉河,,
Yoshinuma,吉沼,,
Yoshiura,吉浦,,
Yoshikiyo,吉清,,
Yoshizawa,吉澤,,
Yoshihama,吉濱,,
Kichise,吉瀨,,
Yoshidome,吉留,,
Yoshimasu,吉益,,
Yoshitake,吉竹,,
Yoshiba,吉羽,,
Kira,吉良,,
Yoshiba,吉葉,,
Yoshifuji,吉藤,,
Yoshiyuki,吉行,,
Yoshimi,吉見,,
Yoshikoshi,吉越,,
Yoshino,吉野,,
Yoshizaka,吉阪,,
Yoshio,吉雄,,
Nakura,名倉,,
Natori,名取,,
Nagoya,名古屋,,
Nawa,名和,,
Nazuka,名塚,,
Nao,名尾,,
Najima,名島,,
Nagawa,名川,,
Namura,名村,,
Nanami,名波,,
Nayuki,名雪,,
Kogami,向上,,
Mukai,向井,,
Mukaihara,向原,,
Mukaibo,向坊,,
Mukasa,向笠,,
Kono,向野,,
Sakisaka,向阪,,
Kimi,君,,
Kimihara,君原,,
Kimiwada,君和田,,
Kimitsuka,君塚,,
Kimijima,君島,,
Kure,吳,,
Kureyama,吳山,,
Kuremoto,吳本,,
Fukino,吹野,,
Azuma,吾妻,,
Abigo,吾孫子,,
Suzuki,周周木,,
Sufu,周布,,
Sudo,周東,,
Sugo,周鄉,,
Suwau,周防,,
Ajioka,味岡,,
Wanaka,和中,,
Waku,和久,,
Wakui,和久井,,
Waguna,和久奈,,
Wakuta,和久田,,
Wainai,和井內,,
Waita,和井田,,
Wani,和仁,,
Wako,和光,,
Wakahara,和原,,
Wachi,和地,,
Watada,和多田,,
Wajima,和島,,
Wachi,和智,,
Waguri,和栗,,
Izumi,和泉,,
Izumida,和泉田,,
Wazawa,和澤,,
Wada,和田,,
Wadagaki,和田垣,,
Wachi,和知,,
Waga,和賀,,
Wadachi,和達,,
Shinagawa,品川,,
Shinada,品田,,
Utazawa,哥澤,,
Karasaki,唐崎,,
Karaki,唐木,,
Karakida,唐木田,,
Karahashi,唐橋,,
Karatsu,唐津,,
Karasawa,唐澤,,
Karahata,唐端,,
Karakama,唐鎌,,
Yuize,唯是,,
Yoshizawa,善澤,,
Yoshizumi,善積,,
Kiyota,喜代田,,
Kita,喜多,,
Kitagawa,喜多川,,
Kitamura,喜多村,,
Kitami,喜多見,,
Kiyasu,喜安,,
Kishi,喜志,,
Yoshizawa,喜澤,,
Kino,喜納,,
Kishaba,喜舍場,,
Kitsuregawa,喜連川,,
Yoshimi,嘉,,
Yoshiyama,嘉山,,
Kaetsu,嘉悅,,
Kamura,嘉村,,
kaji,嘉治,,
Yoshizawa,嘉澤,,
Kano,嘉納,,
Yotsumoto,四元,,
Yotsuya,四家,,
Yomota,四方田,,
Yotsumoto,四本,,
Shijo,四條,,
Yotsuya,四谷,,
Kuninaka,國中,,
Kunii,國井,,
Kokubo,國保,,
Kunimitsu,國光,,
Kunitomo,國友,,
Kunishi,國司,,
Kuniyoshi,國吉,,
Kokuba,國場,,
Kuniyasu,國安,,
Kunisada,國定,,
Kunishima,國島,,
Kunisaki,國崎,,
Zushi,國師,,
Kokufu,國府,,
Kofukata,國府方,,
Kokufuda,國府田,,
Kunihiro,國廣,,
Kunikata,國方,,
Kunikida,國木田,,
Kunimoto,國本,,
Kunimatsu,國松,,
Kunieda,國枝,,
Kokusho,國生,,
Kunita,國田,,
Kunito,國藤,,
Kunimi,國見,,
Kuninomiyatsuko,國造,,
Kunishige,國重,,
Kokuryo,國領,,
Kunigami,國頭,,
Sono,園,,
Sonoyama,園山,,
Sonobe,園部,,
Enchi,圓地,,
Enjoji,圓城寺,,
Maruyama,圓山,,
Enma,圓間,,
Zusho,圖書,,
Dan,團,,
Danno,團野,,
Tosa,土佐,,
Doshita,土信田,,
Doko,土光,,
Tsuchiko,土子,,
Tsuchiya,土屋,,
Tsuchiyama,土山,,
Haji,土師,,
Tsuchimoto,土本,,
Tsuchie,土江,,
Tsuchizawa,土澤,,
Habu,土生,,
Doi,土肥,,
Doihara,土肥原,,
Chizaki,地崎,,
Jibiki,地引,,
Jibiki,地曳,,
Bo,坊,,
Bojo,坊城,,
Bono,坊農,,
Tsubogami,坪上,,
Tsuboi,坪井,,
Tsubokura,坪倉,,
Tsubouchi,坪內,,
Tsuboyama,坪山,,
Tsubokawa,坪川,,
Tsubota,坪田,,
Tsubotani,坪谷,,
Tsubono,坪野,,
Tarui,垂井,,
Tarumi,垂水,,
Kakimoto,垣本,,
Kakita,垣田,,
Kakinohana,垣花,,
Umetada,埋忠,,
Shiroshita,城下,,
Shiroi,城井,,
Shirokura,城倉,,
Shirouchi,城內,,
Kita,城多,,
Shirojima,城島,,
Shirokawa,城川,,
Shiromoto,城本,,
Shirotani,城谷,,
Hanihara,埴原,,
Haniya,埴谷,,
Shigyo,執行,,
Motoi,基,,
Hori,堀,,
Horinaka,堀中,,
Horinouchi,堀之內,,
Horii,堀井,,
Horikiri,堀切,,
Horiguchi,堀口,,
Horiba,堀場,,
Horiie,堀家,,
Horio,堀尾,,
Horiyama,堀山,,
Horioka,堀岡,,
Horikawa,堀川,,
Horiki,堀木,,
Horie,堀江,,
Horiike,堀池,,
Horisawa,堀澤,,
Horihata,堀端,,
Horigome,堀米,,
Horikoshi,堀越,,
Horibe,堀部,,
Horino,堀野,,
Domae,堂前,,
Dozono,堂園,,
Doyama,堂山,,
Domoto,堂本,,
Domori,堂森,,
Donowaki,堂脇,,
Katada,堅田,,
Tsutsumi,堤,,
Tsutsumishita,堤下,,
Tsutsumino,堤野,,
Sakai,堺,,
Tsukahara,塚原,,
Tsukakuchi,塚口,,
Tsukao,塚尾,,
Tsukazaki,塚崎,,
Tsukamoto,塚本,,
Tsukatani,塚谷,,
Tsukano,塚野,,
Sakai,境,,
Sakaida,境田,,
Sakaibe,境部,,
Sakaino,境野,,
Masui,增井,,
Masuhara,增原,,
Masuo,增尾,,
Masuyama,增山,,
Masuoka,增岡,,
Masujima,增島,,
Masukawa,增川,,
Masumoto,增本,,
Masumura,增村,,
Masunaga,增永,,
Masubuchi,增淵,,
Masuzawa,增澤,,
Masuda,增田,,
Masuho,增穗,,
Masuno,增野,,
Sumido,墨土,,
Kabetani,壁谷,,
Mibu,壬生,,
Tsuboi,壺井,,
Suzuki,壽壽木,,
Jugaku,壽岳,,
Suzuki,壽松木,,
Suzuki,壽洲貴,,
Natsui,夏井,,
Natsukawa,夏川,,
Natsume,夏目,,
Tomaru,外丸,,
Hokao,外尾,,
Tooka,外岡,,
Tozaki,外崎,,
Toike,外池,,
Toma,外間,,
Taki,多喜,,
Tatara,多多良,,
Tagawa,多川,,
Tajihi,多治比,,
Tajimi,多治見,,
Tatara,多田羅,,
Tako,多胡,,
Tamon,多門,,
Yaku,夜久,,
Yumeno,夢野,,
Dai,大,,
Omiwa,大三輪,,
Oshita,大下,,
Onaka,大中,,
Onakatomi,大中臣,,
Ogushi,大串,,
Okubo,大久保,,
Oi,大井,,
Oigawa,大井川,,
Daini,大仁,,
Onaka,大仲,,
Otomo,大伴,,
Osumi,大住,,
Osaragi,大佛,,
Osaku,大作,,
Okura,大倉,,
Omoto,大元,,
Ouchi,大內,,
Oyagi,大八木,,
Tachikawa,大刀川,,
Okida,大分,,
Ozato,大利,,
Omaeda,大前田,,
Okatsu,大勝,,
Okita,大北,,
Ominami,大南,,
Ohara,大原,,
Otomo,大友,,
Oguchi,大口,,
Oguchiya,大口屋,,
Oyoshi,大吉,,
Omukai,大向,,
Owada,大和田,,
Oki,大喜,,
Okita,大喜多,,
Okuni,大國,,
Ozono,大園,,
Otsubo,大坪,,
Ogaki,大垣,,
Okido,大城戶,,
Obori,大堀,,
Oba,大場,,
Otsuka,大塚,,
Otawa,大多和,,
Omuro,大室,,
Omiya,大宮,,
Oyori,大寄,,
Otomi,大富,,
Otera,大寺,,
Oya,大屋,,
Oyama,大山,,
Ooka,大岡,,
Oiwa,大岩,,
Otake,大岳,,
Ogishi,大岸,,
Oshima,大島,,
Osaki,大崎,,
Okawa,大川,,
Okawara,大川原,,
Oko,大庫,,
Onari,大成,,
Oto,大戶,,
Ote,大手,,
Osone,大曾根,,
Otsuki,大月,,
Oki,大木,,
Omoto,大本,,
Osugi,大杉,,
Omura,大村,,
Oeda,大枝,,
Oshiba,大柴,,
Okaki,大柿,,
Okuri,大栗,,
One,大根,,
Oneta,大根田,,
Omomo,大桃,,
Okaji,大梶,,
Omori,大森,,
Oue,大植,,
Otake,大武,,
Oe,大江,,
Okawa,大河,,
Okouchi,大河內,,
Onuma,大沼,,
Oizumi,大泉,,
Otsu,大津,,
Ozu,大洲,,
Oura,大浦,,
Obuchi,大淵,,
Ominato,大湊,,
Oyu,大湯,,
Osawa,大澤,,
Ohama,大濱,,
Ose,大瀨,,
Okuma,大熊,,
Otahara,大田原,,
Otagaki,大田垣,,
Otaguro,大田黑,,
Omachi,大町,,
Ohata,大畑,,
Oya,大矢,,
Oishi,大石,,
Ozutsu,大砲,,
Oho,大穗,,
Okubo,大窪,,
Otake,大竹,,
Ogasahara,大笠原,,
Otsuki,大築,,
Ogyu,大給,,
Oami,大網,,
Ogo,大胡,,
Owaki,大脅,,
Oshiba,大芝,,
Okusa,大草,,
Osuga,大菅,,
Okura,大藏,,
Oyabu,大藪,,
Taiso,大蘇,,
Onishi,大西,,
Omi,大見,,
Onuki,大貫,,
Ogoshi,大越,,
Oji,大路,,
Owa,大輪,,
Daidoji,大道寺,,
Odachi,大達,,
Osato,大里,,
Ono,大野,,
Onozuka,大野塚,,
Onogi,大野木,,
Onoda,大野田,,
Okane,大金,,
Onishiki,大錦,,
Okane,大鐘,,
Osaka,大阪,,
Osakaya,大阪屋,,
Oaku,大阿久,,
Taiyo,大陽,,
Osumi,大隅,,
Okuma,大隈,,
Ooto,大音,,
Osuga,大須賀,,
Orui,大類,,
Odate,大館,,
Otaka,大高,,
Otakasaka,大高坂,,
Otori,大鳥,,
Otorii,大鳥居,,
Taiho,大鵬,,
Owashi,大鷲,,
Oshio,大鹽,,
Oasa,大麻,,
Nikamoto,天下,,
Amai,天井,,
Amakuni,天國,,
Amamiya,天宮,,
Amaake,天明,,
Amaki,天木,,
Amaike,天池,,
Amanuma,天沼,,
Amatsu,天津,,
Amaumi,天海,,
Tenma,天滿,,
Amakasa,天笠,,
Amakusa,天草,,
Amano,天野,,
Amanoya,天野屋,,
Tenryu,天龍,,
O,太,,
Tachiyama,太刀山,,
Tachikawa,太刀川,,
Dazai,太宰,,
Ota,太田,,
Otahara,太田原,,
Otagaki,太田垣,,
Ogamimura,夫神村,,
Ito,夷藤,,
Nagoya,奈古屋,,
Nara,奈良,,
Narahara,奈良原,,
Naraoka,奈良岡,,
Narahashi,奈良橋,,
Narabe,奈良部,,
Nasu,奈須,,
Oku,奧,,
Okunaka,奧中,,
Okui,奧井,,
Okusumi,奧住,,
Okugura,奧倉,,
Okuhara,奧原,,
Okuchi,奧地,,
Okudo,奧堂,,
Okutomi,奧富,,
Okudera,奧寺,,
Okushima,奧島,,
Okukawa,奧川,,
Okumoto,奧本,,
Okumura,奧村,,
Okubayashi,奧林,,
Okuizumi,奧泉,,
Okuzu,奧津,,
Okusawa,奧澤,,
Okuda,奧田,,
Okuaki,奧秋,,
Okuwaki,奧脅,,
Okunishi,奧西,,
Okunuki,奧貫,,
Okuno,奧野,,
Mera,女良,,
Yoshii,好井,,
Yoshikawa,好川,,
Yoshizawa,好澤,,
Taenaka,妙中,,
Tsumaya,妻屋,,
Tsumaki,妻木,,
Anenokoji,姉小路,,
Anegawa,姉川,,
Shizeki,始關,,
Himeta,姬田,,
Himeji,姬路,,
Himeno,姬野,,
Ureshino,嬉野,,
Koyasu,子安,,
Shimozawa,子母澤,,
Takuma,宅磨,,
Takuma,宅間,,
Ui,宇井,,
Usa,宇佐,,
Usami,宇佐美,,
Usami,宇佐見,,
Ukishima,宇喜多,,
Uda,宇多,,
Uchu,宇宙,,
Ujuku,宇宿,,
Uyama,宇山,,
Ukaji,宇梶,,
Uji,宇治,,
Ujigawa,宇治川,,
Ujita,宇治田,,
Utsu,宇津,,
Utsunomiya,宇津宮,,
Uda,宇田,,
Udagawa,宇田川,,
Uruno,宇留野,,
Uga,宇賀,,
Ugajin,宇賀神,,
Uzu,宇都,,
Utsunomiya,宇都宮,,
Utsuki,宇都木,,
Uno,宇野,,
Unosawa,宇野澤,,
Udaka,宇高,,
Mori,守,,
Morizumi,守住,,
Moriyasu,守安,,
Moriya,守屋,,
Moriyama,守山,,
Morioka,守岡,,
Morikawa,守川,,
Morimoto,守本,,
Morinaga,守永,,
Morita,守田,,
Moribe,守部,,
Yasu,安,,
Annaka,安中,,
Yasui,安井,,
Azumi,安住,,
Abe,安倍,,
Abei,安倍井,,
Annen,安南,,
Yasuhara,安原,,
Yasutomo,安友,,
Abigo,安孫子,,
Yasumuro,安室,,
Yasutomi,安富,,
Afuso,安富祖,,
Agoin,安居院,,
Yasuyama,安山,,
Yasuoka,安岡,,
Yasukawa,安川,,
Azakami,安座,,
Abigo,安彥,,
Annen,安念,,
Yasunari,安成,,
Yasumoto,安本,,
Yasumura,安村,,
Ando,安東,,
Yasumatsu,安松,,
Yasutake,安武,,
Yasunaga,安永,,
Yasue,安江,,
Ankai,安海,,
Anjo,安生,,
Yasuda,安田,,
Adachi,安立,,
Araoka,安良岡,,
Aki,安芸,,
Ando,安藤,,
Yasuno,安野,,
Yasuma,安間,,
Ajiki,安食,,
Anzai,安齋,,
Kanyama,完山,,
Munakata,宗形,,
Munakata,宗方,,
Munemura,宗村,,
Sadakata,定方,,
Muro,室,,
Muroi,室井,,
Murobushi,室伏,,
Muroya,室屋,,
Murooka,室岡,,
Muroki,室木,,
Murohashi,室橋,,
Murou,室生,,
Murota,室田,,
Muromachi,室町,,
Muroga,室賀,,
Miya,宮,,
Miyashita,宮下,,
Miyanohara,宮之原,,
Miyai,宮井,,
Miyashiro,宮代,,
Miyakura,宮倉,,
Miyamoto,宮元,,
Miyairi,宮入,,
Miyahara,宮原,,
Miyaguchi,宮口,,
Miyazono,宮園,,
Miyagaki,宮垣,,
Miyagi,宮城,,
Miyadera,宮寺,,
Miyao,宮尾,,
Miyayama,宮山,,
Miyaoka,宮岡,,
Miyajima,宮島,,
Miyazaki,宮崎,,
Miyagawa,宮川,,
Miyahira,宮平,,
Miyaki,宮木,,
Miyamoto,宮本,,
Miyamura,宮村,,
Miyabayashi,宮林,,
Miyane,宮根,,
Miyamori,宮森,,
Miyatake,宮武,,
Miyanaga,宮永,,
Miyaura,宮浦,,
Miyazawa,宮澤,,
Miyata,宮田,,
Miyawaki,宮脅,,
Miyakoshi,宮腰,,
Miyanishi,宮西,,
Miyatani,宮谷,,
Miyaoi,宮負,,
Miyakoshi,宮越,,
Miyaji,宮路,,
Miyabe,宮部,,
Miyasato,宮里,,
Miyano,宮野,,
Miyasaka,宮阪,,
Iehara,家原,,
Iemura,家村,,
Ienaga,家永,,
Ienaga,家長,,
Mitsuhara,密原,,
Tomii,富井,,
Tomiyoshi,富吉,,
Tomizuka,富塚,,
Fujuiwara,富士原,,
Fujitakashi,富士山,,
Fujikawa,富士川,,
Fujimatsu,富士松,,
Fujita,富士田,,
Fujitani,富士谷,,
Tomiyasu,富安,,
Tomioka,富岡,,
Tomishima,富島,,
Tomizaki,富崎,,
Tomikawa,富川,,
Tobari,富張,,
Todokoro,富所,,
Tomimoto,富本,,
Tomimura,富村,,
Tomimatsu,富松,,
Tomimori,富森,,
Tominaga,富永,,
Tomisawa,富澤,,
Tomita,富田,,
Tomisato,富里,,
Sagae,寒河江,,
Sanemitsu,實光,,
Sanekata,實方,,
Saneto,實藤,,
Takara,寶,,
Takarai,寶井,,
Horai,寶來,,
Takaragi,寶樹,,
Hosho,寶生,,
Takarada,寶田,,
Terashita,寺下,,
Teranaka,寺中,,
Terai,寺井,,
Terakura,寺倉,,
Teramoto,寺元,,
Terauchi,寺內,,
Teraguchi,寺口,,
Terachi,寺地,,
Terao,寺尾,,
Terayama,寺山,,
Teraoka,寺岡,,
Terasaki,寺崎,,
Terakawa,寺川,,
Terashi,寺師,,
Teraki,寺木,,
Teramoto,寺本,,
Teramura,寺村,,
Terabayashi,寺林,,
Teraura,寺浦,,
Terada,寺田,,
Terawaki,寺脅,,
Teranishi,寺西,,
Terano,寺野,,
Terakado,寺門,,
Terasaka,寺阪,,
Iba,射場,,
Tsushima,對馬,,
Konakamura,小中村,,
Ogushi,小串,,
Kokubo,小久保,,
Osano,小佐野,,
Osaku,小作,,
Obokata,小保方,,
Koide,小出,,
Osoegawa,小副川,,
Kokatsu,小勝,,
Kokita,小北,,
Komukai,小向,,
Kowada,小和田,,
Koakutsu,小圷,,
Koshiro,小城,,
Kozutsumi,小堤,,
Kohanawa,小塙,,
Otawa,小多和,,
Kotachi,小太刀,,
Oyake,小宅,,
Komori,小守,,
Koyasu,小安,,
Komiya,小宮,,
Komiyama,小宮山,,
Koya,小屋,,
Osanai,小山內,,
Koiwai,小岩井,,
Komine,小嶺,,
Koichi,小市,,
Obuse,小布施,,
Kobiyama,小日山,,
Kobayakawa,小早川,,
Komotomura,小本村,,
Kosugi,小杉,,
Kohigashi,小東,,
Komatsu,小松,,
Komatsubara,小松原,,
Komatsuzaki,小松崎,,
Komatsuda,小松田,,
Koitabashi,小板橋,,
Kobayashi,小林,,
Okashiwa,小柏,,
Oguriyama,小栗山,,
Ogurusu,小栗栖,,
Kokaji,小梶,,
Komori,小森,,
Kobashikawa,小橋川,,
Kohiyama,小檜山,,
Okonogi,小此木,,
Koike,小池,,
Koikemura,小池村,,
Koizumi,小泉,,
Ozu,小津,,
Kokai,小海,,
Koshimizu,小清水,,
Kodama,小玉,,
Odakura,小田倉,,
Odawara,小田原,,
Odagaki,小田垣,,
Odagiri,小田桐,,
Otabe,小田部,,
Odano,小田野,,
Komachi,小町,,
Oguro,小畔,,
Koaze,小疇,,
Sasaoka,小砂丘,,
Koiso,小磯,,
Koana,小穴,,
Ogasa,小笠,,
Ogasawara,小笠原,,
Kosuge,小管,,
Koito,小系,,
Koito,小絲,,
Koami,小網,,
Omino,小美野,,
Omoda,小茂田,,
Koyabu,小藪,,
Konishi,小西,,
Omi,小見,,
Koyatsu,小谷津,,
Koyata,小谷田,,
Azuki,小豆,,
Kokai,小貝,,
Ono,小野,,
Onoguchi,小野口,,
Onozuka,小野塚,,
Onodera,小野寺,,
Onoyama,小野山,,
Onojima,小野島,,
Onozaki,小野崎,,
Onogawa,小野川,,
Onogi,小野木,,
Onomura,小野村,,
Onozawa,小野澤,,
Onoda,小野田,,
Onozato,小野里,,
Kogane,小金,,
Koganei,小金井,,
Koganezawa,小金澤,,
Konagai,小長井,,
Kohase,小長谷,,
Koma,小間,,
Kosuda,小須田,,
Kotate,小館,,
Kobuna,小鮒,,
Takanashi,小鳥遊,,
Kotaka,小鷹,,
Kosho,小鹽,,
Shoni,少貳,,
Sho,尚,,
Seki,尺,,
Amako,尼子,,
Onaka,尾中,,
Osatake,尾佐竹,,
Ohara,尾原,,
Owa,尾和,,
Ogaki,尾垣,,
Oyama,尾山,,
Ojima,尾島,,
Ozaki,尾崎,,
Okawa,尾川,,
Ogata,尾形,,
Ogata,尾方,,
Omoto,尾本,,
Omatsu,尾松,,
Oita,尾板,,
Obayashi,尾林,,
Oike,尾池,,
Ozawa,尾澤,,
Ose,尾瀨,,
Oda,尾田,,
Obata,尾畑,,
Obana,尾花,,
Onishi,尾西,,
Omi,尾見,,
Otani,尾谷,,
Ono,尾野,,
Ozeki,尾關,,
Odaka,尾高,,
Inai,居內,,
Ito,居藤,,
Yashiro,屋代,,
Yashiki,屋敷,,
Yabiku,屋比久,,
Yara,屋良,,
Satsuka,屬,,
Yamashita,山下,,
Yamanaka,山中,,
Yamanoi,山之井,,
Yamanouchi,山之內,,
Yamanokuchi,山之口,,
Yamashiro,山代,,
Yamamoto,山元,,
Yamade,山出,,
Yamakita,山北,,
Yamahara,山原,,
Yamaguchi,山口,,
Yamayoshi,山吉,,
Yamana,山名,,
Yamaguni,山國,,
Yamachi,山地,,
Yamamuro,山室,,
Yamadera,山寺,,
Yamao,山尾,,
Yamaya,山屋,,
Yamaoka,山岡,,
Yamagishi,山岸,,
Yamakawa,山川,,
Yamaichi,山市,,
Yamahira,山平,,
Yamagata,山形,,
Yamabiko,山彥,,
Yamanari,山成,,
Yamato,山戶,,
Yamate,山手,,
Yamakata,山方,,
Yamaki,山木,,
Yamamoto,山本,,
Yamamura,山村,,
Yamabayashi,山林,,
Yamane,山根,,
Sanjo,山條,,
Yamanashi,山梨,,
Yamamori,山森,,
Yamagiwa,山極,,
Yamaura,山浦,,
Yamazoe,山添,,
Yamasawa,山澤,,
Yamase,山瀨,,
Yamagata,山片,,
Yamada,山田,,
Yamabata,山畑,,
Yamamori,山盛,,
Yamaishi,山石,,
Yamagami,山神,,
Yamashina,山科,,
Yamahata,山端,,
Yamagata,山縣,,
Yamaba,山羽,,
Yamashiro,山背,,
Yamawaki,山脇,,
Yamakoshi,山腰,,
Yamahana,山花,,
Yamanishi,山西,,
Yamaga,山賀,,
Yamaji,山路,,
Yamabe,山邊,,
Yamabe,山部,,
Yamazato,山里,,
Yamano,山野,,
Yamanoi,山野井,,
Yamanobe,山野邊,,
Yamagiwa,山際,,
Yamataka,山高,,
Yamaga,山鹿,,
Oka,岡,,
Okanobori,岡上,,
Okai,岡井,,
Okakura,岡倉,,
Okamoto,岡元,,
Okauchi,岡內,,
Okachi,岡地,,
Okagaki,岡垣,,
Okayasu,岡安,,
Okayama,岡山,,
Okajima,岡島,,
Okazaki,岡崎,,
Okagawa,岡川,,
Okaniwa,岡庭,,
Okato,岡戶,,
Okamoto,岡本,,
Okamura,岡村,,
Okamatsu,岡松,,
Okabayashi,岡林,,
Okahashi,岡橋,,
Okazawa,岡澤,,
Okada,岡田,,
Okanishi,岡西,,
Okami,岡見,,
Okabe,岡部,,
Okano,岡野,,
Okanoi,岡野井,,
Okasaka,岡阪,,
Iwagami,岩上,,
Iwashita,岩下,,
Iwamaru,岩丸,,
Iwai,岩井,,
Iwasa,岩佐,,
Iwakura,岩倉,,
Iwamoto,岩元,,
Iwakiri,岩切,,
Isurugi,岩動,,
Iwahara,岩原,,
Iwakuchi,岩口,,
Iwakuni,岩國,,
Iwatsubo,岩坪,,
Iwatare,岩垂,,
Iwagaki,岩垣,,
Iwabori,岩堀,,
Iwako,岩子,,
Iwao,岩尾,,
Iwaya,岩屋,,
Iwayama,岩山,,
Iwaoka,岩岡,,
Iwashima,岩島,,
Iwakawa,岩川,,
Iwato,岩戶,,
Iwatsuki,岩月,,
Iwaki,岩木,,
Iwamoto,岩本,,
Iwamura,岩村,,
Iwamatsu,岩松,,
Iwane,岩根,,
Iwamori,岩森,,
Iwatate,岩楯,,
Iwanaga,岩永,,
Iwanami,岩波,,
Iwatsu,岩津,,
Iwanami,岩浪,,
Iwabuchi,岩淵,,
Iwaasa,岩淺,,
Iwasawa,岩澤,,
Iwase,岩瀨,,
Iwakata,岩片,,
Iwao,岩生,,
Iwata,岩田,,
Iwaguro,岩畔,,
Iwadate,岩立,,
Iwawaki,岩脅,,
Iwato,岩藤,,
Iwami,岩見,,
Iwakoshi,岩越,,
Iwano,岩野,,
Iwama,岩間,,
Iwatsuki,岩附,,
Take,岳,,
Kishi,岸,,
Kishishita,岸下,,
Kishii,岸井,,
Kishihara,岸原,,
Kishiyama,岸山,,
Kishioka,岸岡,,
Kishikawa,岸川,,
Kishimoto,岸本,,
Kishinami,岸波,,
Kishizawa,岸澤,,
Kishida,岸田,,
Kishino,岸野,,
Toge,峠,,
Mine,峰,,
Mineji,峰地,,
Mineo,峰尾,,
Mineyama,峰山,,
Minegishi,峰岸,,
Minejima,峰島,,
Minezaki,峰崎,,
Minemura,峰村,,
Minematsu,峰松,,
Mineta,峰田,,
Shima,島,,
Shimagami,島上,,
Shimanaka,島中,,
Shimai,島井,,
Shimakura,島倉,,
Shimauchi,島內,,
Shimabara,島原,,
Shimaguchi,島口,,
Shimaji,島地,,
Shimao,島尾,,
Shimaoka,島岡,,
Shimazaki,島崎,,
Shimakawa,島川,,
Shimado,島戶,,
Shimakata,島方,,
Shimaki,島木,,
Shimamoto,島本,,
Shimamura,島村,,
Shimane,島根,,
Shimazu,島津,,
Shimasawa,島澤,,
Shimada,島田,,
Shimanuki,島貫,,
Shimano,島野,,
Sakikubo,崎久保,,
Sakihara,崎原,,
Sakiyama,崎山,,
Sakimoto,崎本,,
Sakimura,崎村,,
Sakihama,崎濱,,
Sakita,崎田,,
Arashi,嵐,,
Arashiyama,嵐山,,
Saga,嵯峨,,
Sagayama,嵯峨山,,
Mine,嶺,,
Minegishi,嶺岸,,
Iwao,巖,,
Iwamoto,巖本,,
Iwaya,巖谷,,
Kawa,川,,
Kawakami,川上,,
Kawashita,川下,,
Kawanaka,川中,,
Kawakubo,川久保,,
Kawai,川井,,
Kawakita,川來,,
Kawamata,川俁,,
Kawamoto,川元,,
Kawaide,川出,,
Kawazoe,川副,,
Kawakatsu,川勝,,
Kawakita,川北,,
Kawahara,川原,,
Kawarada,川原田,,
Kawamata,川又,,
Kawaguchi,川口,,
Kawai,川合,,
Kawana,川名,,
Kawamukai,川向,,
Kawawada,川和田,,
Kawaki,川喜,,
Kawachi,川地,,
Kawajiri,川尻,,
Kawagishi,川岸,,
Kawashima,川島,,
Kawasaki,川崎,,
Kawahata,川幡,,
Kawato,川戶,,
Kawate,川手,,
Kawamoto,川本,,
Kawamura,川村,,
Kawane,川根,,
Kawahashi,川橋,,
Kawazu,川津,,
Kawaura,川浦,,
Kawanami,川浪,,
Kawabuchi,川淵,,
Kawazoe,川添,,
Kawamitsu,川滿,,
Kawazumi,川澄,,
Kawase,川瀨,,
Kawahata,川畑,,
Kawakubo,川窪,,
Kawabata,川端,,
Kawami,川見,,
Kawagoe,川越,,
Kawaji,川路,,
Kawatsura,川連,,
Kawabe,川邊,,
Kawanabe,川那邊,,
Kawabe,川部,,
Kawano,川野,,
Kawanobe,川野邊,,
Kawanabe,川鍋,,
Sunouchi,巢內,,
Koraku,工樂,,
Kudo,工藤,,
Sako,左古,,
Sauta,左右田,,
Sakai,左海,,
Sato,左藤,,
Sakon,左近,,
Sakonji,左近司,,
Kose,巨勢,,
Minami,已波,,
Hayama,巴山,,
Tatsumi,巽,,
Ichimaru,市丸,,
Ichii,市井,,
Ichiki,市來,,
Ichihara,市原,,
Ichiba,市場,,
Ichitsuka,市塚,,
Ichiyama,市山,,
Ichioka,市岡,,
Ichikawa,市川,,
Ichimura,市村,,
Ichito,市東,,
Ichihashi,市橋,,
Ichige,市毛,,
Ichiura,市浦,,
Ichida,市田,,
Ichinobe,市邊,,
Ichino,市野,,
Nunoi,布井,,
Fuse,布勢,,
Fuse,布施,,
Nunomura,布村,,
Nunota,布田,,
Nunome,布目,,
Hokari,帆刈,,
Chosa,帖佐,,
Morooka,師岡,,
Tsuneyama,常山,,
Tsuneoka,常岡,,
Tsuneki,常木,,
Tsunematsu,常松,,
Tsuneta,常田,,
Tokiwa,常盤,,
Tokiwazu,常盤津,,
Tsuneto,常藤,,
Tsunemi,常見,,
Haba,幅,,
Habata,幅田,,
Makuta,幕田,,
Hatazaki,幡崎,,
Hatashin,幡新,,
Hatano,幡野,,
Shidehara,幣原,,
Hoshiba,干場,,
Hiranaka,平中,,
Hirai,平井,,
Hiramitsu,平光,,
Hirahara,平原,,
Hiratsuka,平塚,,
Hirako,平子,,
Heike,平家,,
Hirao,平尾,,
Hirayama,平山,,
Hiraoka,平岡,,
Hiraiwa,平岩,,
Hiramine,平峰,,
Hirashima,平島,,
Hirakata,平形,,
Hirato,平戶,,
Hirade,平手,,
Hiraki,平木,,
Hiramoto,平本,,
Hiramatsu,平松,,
Hirayanagi,平柳,,
Hiraguri,平栗,,
Hiraike,平池,,
Hiranuma,平沼,,
Hiraizumi,平泉,,
Hirashimizu,平清水,,
Hirasawa,平澤,,
Hirase,平瀨,,
Hirao,平生,,
Hiraishi,平石,,
Hirafuku,平福,,
Hezutsu,平秩,,
Heguri,平群,,
Hirami,平見,,
Hiraga,平賀,,
Hirano,平野,,
Taira,平量,,
Hirasaka,平阪,,
Kochi,幸地,,
Kotoku,幸德,,
Komura,幸村,,
Kono,幸野,,
Miki,幹,,
Kanzan,幹山,,
Shoji,庄司,,
Shoji,庄子,,
Shoda,庄田,,
Shoji,庄路,,
Shono,庄野,,
Tokoi,床井,,
Tokonami,床次,,
Tokoda,床田,,
Fukawa,府川,,
Watarai,度會,,
Zama,座間,,
Niwayama,庭山,,
Niwata,庭田,,
Niwano,庭野,,
Iohara,庵原,,
Yorishima,庵島,,
Yasuhara,康原,,
Yasumoto,康本,,
Kuriyagawa,廚川,,
Hironaka,廣中,,
Hiroi,廣井,,
Hirouchi,廣內,,
Hirohara,廣原,,
Hiroyama,廣山,,
Hirooka,廣岡,,
Hiroshima,廣島,,
Hirokawa,廣川,,
Hiromasa,廣政,,
Hiroki,廣木,,
Hiromoto,廣本,,
Hirohashi,廣橋,,
Hiroe,廣江,,
Hirotsu,廣津,,
Hirowatari,廣渡,,
Hirosawa,廣澤,,
Hirose,廣瀨,,
Hirota,廣田,,
Hirohata,廣畑,,
Hiroishi,廣石,,
Hirobe,廣部,,
Hirono,廣野,,
Nobuhara,延原,,
Nobuyama,延山,,
Tatekawa,建川,,
Tateishi,建石,,
Tateno,建野,,
Tsuzura,廿樂,,
Yumino,弓野,,
Hikichi,引地,,
Hikita,引田,,
Hikima,引間,,
Hirose,弘世,,
Hironaka,弘中,,
Hirose,弘瀨,,
Hirota,弘田,,
Tsurumaki,弦卷,,
Harigae,張替,,
Harimoto,張本,,
Harima,張間,,
Dan,彈,,
Katayama,形山,,
Hikone,彥根,,
Hikota,彥田,,
Hikosaka,彥阪,,
Sakaki,彭城,,
Kagesa,影佐,,
Kageyama,影山,,
Ushiro,後,,
Gokami,後上,,
Ushiroku,後宮,,
Gocho,後町,,
Goto,後藤,,
Gotoda,後藤田,,
Gokan,後閑,,
Goma,後間,,
Tokuno,得能,,
Miyogawa,御代川,,
Misono,御園,,
Misonou,御園生,,
Mikoshiba,御子柴,,
Mimuro,御室,,
Mikanagi,御屋,,
Misaki,御崎,,
Mikuriya,御廚,,
Mitarai,御手洗,,
Mihori,御掘,,
Miki,御木,,
Mikimoto,御木本,,
Mifune,御船,,
Tokumaru,德丸,,
Tokuhisa,德久,,
Tokui,德井,,
Tokumitsu,德光,,
Tokuriki,德力,,
Tokuhara,德原,,
Tokumasu,德增,,
Tokudaiji,德大寺,,
Tokuyasu,德安,,
Tokutomi,德富,,
Tokuyama,德山,,
Tokuoka,德岡,,
Tokushima,德島,,
Tokugawa,德川,,
Tokumoto,德本,,
Tokumura,德村,,
Tokutake,德武,,
Tokunaga,德永,,
Tokue,德江,,
Tokusawa,德澤,,
Tokuda,德田,,
Tokudome,德留,,
Tokutake,德竹,,
Tokushige,德重,,
Tokuno,德野,,
Tokuma,德間,,
Shin,心,,
Inbe,忌部,,
Oshitari,忍足,,
Shiki,志岐,,
Shima,志摩,,
Shihi,志斐,,
Shikata,志方,,
Shimura,志村,,
Shimizu,志水,,
Shizu,志津,,
Shizawa,志澤,,
Shida,志田,,
Shichi,志知,,
Shizuki,志筑,,
Shimo,志茂,,
Shito,志藤,,
Shiga,志賀,,
Shino,志野,,
Shikama,志鎌,,
Kutsuna,忽那,,
Tsuneyoshi,恒吉,,
Tsunekawa,恒川,,
Tsunematsu,恒松,,
Tsuneto,恒藤,,
Onchi,恩地,,
Onda,恩田,,
Koremune,惟宗,,
Ichu,惟忠,,
Ito,意東,,
Otagi,愛宕,,
Aizu,愛洲,,
Aizawa,愛澤,,
Aiko,愛甲,,
Aichi,愛知,,
Aino,愛野,,
Arahata,慌畑,,
Kiyomura,慶世村,,
Keino,慶良,,
Agata,懸,,
Inui,戌亥,,
Ebisu,戎,,
Ebisui,戎井,,
Ebisuya,戎谷,,
Narui,成井,,
Narutsuka,成塚,,
Naruko,成子,,
Narumiya,成宮,,
Naruo,成尾,,
Naruyama,成山,,
Naruoka,成岡,,
Narimatsu,成松,,
Naruge,成毛,,
Narisawa,成澤,,
Narita,成田,,
Naruishi,成石,,
Gaja,我謝,,
Kaino,戒能,,
Toi,戶井,,
Toida,戶井田,,
Tokura,戶倉,,
Toguchi,戶口,,
Tokano,戶叶,,
Totsuka,戶塚,,
Tomuro,戶室,,
Tojima,戶島,,
Togawa,戶川,,
Tobari,戶張,,
Tomura,戶村,,
Tomatsu,戶松,,
Toita,戶板,,
Tokuri,戶栗,,
Toeda,戶校,,
Hetsugi,戶次,,
Tomizu,戶水,,
Toizumi,戶泉,,
Totsu,戶津,,
Tozawa,戶澤,,
Toda,戶田,,
Tobe,戶邊,,
Tobe,戶部,,
Toma,戶間,,
Todaka,戶高,,
Fusamoto,房本,,
Tokoro,所,,
Ogi,扇,,
Ogita,扇田,,
Teshirogi,手代木,,
Tezuka,手塚,,
Tejima,手島,,
Tegawa,手川,,
Saiki,才木,,
Saita,才田,,
Uchida,打田,,
Uchiya,打矢,,
Uchikoshi,打越,,
Ufu,承,,
Orii,折井,,
Orihara,折原,,
Orikuchi,折口,,
Oriyama,折山,,
Orito,折戶,,
Orimoto,折本,,
Orihashi,折橋,,
Orita,折田,,
Orikasa,折笠,,
Orimo,折茂,,
Oshikubo,押久保,,
Oshikiri,押切,,
Oshio,押尾,,
Oshiyama,押山,,
Oshikawa,押川,,
Oshiki,押木,,
Oshida,押田,,
Oshimi,押見,,
Oshino,押野,,
Nukiyama,拔山,,
Mochimaru,持丸,,
Mochida,持田,,
Sashihara,指原,,
Ibusuki,指宿,,
Sasage,捧,,
kakehashi,掛橋,,
Ito,揖藤,,
Kurebayashi,搏林,,
Masui,摩壽意,,
Harima,播磨,,
Kai,改井,,
Masaoka,政岡,,
Masaki,政木,,
Masata,政田,,
Tsuruga,敦賀,,
Shikida,敷田,,
Sudo,數藤,,
Fumimoto,文元,,
Fumihara,文原,,
Fumiyama,文山,,
Fumimoto,文本,,
Onoda,斧田,,
Shiba,斯波,,
Arai,新井,,
Niita,新井田,,
Shinbo,新保,,
Niide,新出,,
Niikuni,新國,,
Shinchi,新地,,
Shindo,新堂,,
Niizuma,新妻,,
Shintaku,新宅,,
Niimi,新實,,
Niijima,新島,,
Shinzaki,新崎,,
Shinjo,新庄,,
Shinmei,新明,,
Niinuma,新沼,,
Niitsu,新津,,
Shinkai,新海,,
Nitobe,新渡戶,,
Shinzawa,新澤,,
Shibata,新發田,,
Shinpuku,新福,,
Shindo,新藤,,
Shingai,新貝,,
Shinmichi,新道,,
Niibe,新部,,
Niisato,新里,,
Shinmon,新門,,
Shinkai,新開,,
Shinma,新間,,
Hatano,旗野,,
Kusakabe,日下部,,
Hihara,日原,,
Hiyoshi,日吉,,
Higano,日向野,,
Nitto,日塔,,
Hinatsu,日夏,,
Hiyama,日山,,
Hikage,日影,,
Kusanagi,日柳,,
Hine,日根,,
Hineno,日根野,,
Himori,日森,,
Hibi,日比,,
Hibiya,日比谷,,
Hibino,日比野,,
Hioki,日沖,,
Hiura,日浦,,
Hiruma,日留間,,
Higasa,日笠,,
Higo,日護,,
Hino,日野,,
Hinohara,日野原,,
Nissaka,日阪,,
Kusama,日馬,,
Hidaka,日高,,
Dan,旦,,
Hayasaki,早崎,,
Hayakawa,早川,,
Hayami,早水,,
Hayatsu,早津,,
Hayase,早瀨,,
Hayashi,早矢仕,,
Waseda,早稻田,,
Hayafune,早船,,
Sanae,早苗,,
Hayami,早見,,
Hayano,早野,,
Hayasaka,早阪,,
Asahi,旭,,
Konno,昆野,,
Noboru,昇,,
Akechi,明智,,
Myochin,明珍,,
Akashi,明石,,
Myojin,明神,,
Hoshi,星,,
Hoshika,星加,,
Hoshiai,星合,,
Hoshina,星名,,
Hoshiko,星子,,
Hoshiya,星屋,,
Hoshiyama,星山,,
Hoshijima,星島,,
Hoshikawa,星川,,
Hoshimoto,星本,,
Hoshida,星田,,
Hoshino,星野,,
Hoshima,星間,,
Haruna,春名,,
Haruyama,春山,,
Harukawa,春川,,
Kasugai,春日井,,
Haruki,春木,,
Harumoto,春本,,
Haruzumi,春澄,,
Haruta,春田,,
Harumi,春見,,
Koreeda,是枝,,
Korenaga,是永,,
Koresawa,是澤,,
Tokiyoda,時世田,,
Tokito,時任,,
Tokiyama,時山,,
Tokioka,時岡,,
Tokieda,時枝,,
Tokisawa,時澤,,
Tokita,時田,,
Hiruma,晝間,,
Kageyama,景山,,
Haruyama,晴山,,
Akegarasu,曉烏,,
Manase,曲直瀨,,
Hikichi,曳地,,
Sarashina,更科,,
Saratani,更谷,,
Kakiage,書上,,
So,曾,,
Sowa,曾和,,
Somiya,曾宮,,
Soyama,曾山,,
Sogawa,曾川,,
Soga,曾我,,
Sogabe,曾我部,,
Sogi,曾木,,
Sone,曾根,,
Sonehara,曾根原,,
Soneda,曾根田,,
Soda,曾田,,
Sotani,曾谷,,
Soshi,曾雌,,
Mogami,最上,,
Saishu,最首,,
Aizu,會津,,
Tsukii,月井,,
Gassan,月山,,
Tsukioka,月岡,,
Tsukigata,月形,,
Tsukimura,月村,,
Tsukida,月田,,
Tsukidate,月館,,
Arii,有井,,
Udo,有働,,
Arimoto,有元,,
Arimitsu,有光,,
Arihara,有原,,
Ariyoshi,有吉,,
Arichi,有地,,
Ariyama,有山,,
Arioka,有岡,,
Arikawa,有川,,
Ariga,有我,,
Ariake,有明,,
Ariki,有木,,
Arisue,有末,,
Arimoto,有本,,
Arimura,有村,,
Arimatsu,有松,,
Arie,有江,,
Ariizumi,有泉,,
Arisawa,有澤,,
Ariga,有賀,,
Ariji,有路,,
Arino,有野,,
Arima,有間,,
Arisaka,有阪,,
Arima,有馬,,
Hattori,服部,,
Mikazuki,朏,,
Mochizuki,望月,,
Asai,朝井,,
Asakino,朝來野,,
Asakura,朝倉,,
Asabuki,朝吹,,
Asatsuma,朝妻,,
Asayama,朝山,,
Asaoka,朝岡,,
Asakawa,朝川,,
Asahi,朝日,,
Asamoto,朝本,,
Asahina,朝比奈,,
Tomonaga,朝永,,
Asakawa,朝河,,
Asakai,朝海,,
Asai,朝生,,
Asada,朝田,,
Asaga,朝賀,,
Asano,朝野,,
Asaka,朝香,,
Kimata,木,,
Kinoshita,木下,,
Kinoshita,木之下,,
Kisanuki,木佐貫,,
Kimoto,木元,,
Kimata,木全,,
Kinami,木南,,
Kihara,木原,,
Kiguchi,木口,,
Kizuka,木塚,,
Kidera,木寺,,
Kiya,木屋,,
Kiyama,木山,,
Kioka,木岡,,
Kijima,木島,,
Kizaki,木崎,,
Kikawa,木川,,
Kigawada,木川田,,
Kihata,木幡,,
Koba,木庭,,
Kido,木戶,,
Kidokoro,木所,,
Kiso,木曾,,
Kigi,木木,,
Kimoto,木本,,
Kimura,木村,,
Kitsugi,木次,,
Kizu,木津,,
Kizawa,木澤,,
Kise,木瀨,,
Kida,木田,,
Kiga,木賀,,
Kigoshi,木越,,
Hikawa,木通」川,,
Kibe,木部,,
Kino,木野,,
Suehisa,末久,,
Suemitsu,末光,,
Sueyoshi,末吉,,
Sueoka,末岡,,
Suekawa,末川,,
Suehiro,末廣,,
Suenobu,末延,,
Suemura,末村,,
Suematsu,末松,,
Suetsugu,末次,,
Suetake,末武,,
Suenaga,末永,,
Suezawa,末澤,,
Suemasu,末舛,,
Moto,本,,
Motoi,本井,,
Motoyoshi,本吉,,
Honna,本名,,
Hondo,本堂,,
Honke,本家,,
Motoori,本居,,
Motoyama,本山,,
Motooka,本岡,,
Motojima,本島,,
Honjo,本庄,,
Motoki,本木,,
Motosugi,本杉,,
Motobayashi,本林,,
Motohashi,本橋,,
Honjo,本莊,,
Hondo,本道,,
Hongo,本鄉,,
Honma,本間,,
Honami,本阿彌,,
Akera,朱樂,,
Sugi,杉,,
Sugishita,杉下,,
Suginaka,杉中,,
Sugii,杉井,,
Sugiuchi,杉內,,
Sugihara,杉原,,
Sugio,杉尾,,
Sugiyama,杉山,,
Sugioka,杉岡,,
Sugishima,杉島,,
Sugizaki,杉崎,,
Sugiki,杉木,,
Sugimoto,杉本,,
Sugimura,杉村,,
Sugibayashi,杉林,,
Sugimori,杉森,,
Sugie,杉江,,
Sugiura,杉浦,,
Sugibuchi,杉淵,,
Sugisawa,杉澤,,
Sugyu,杉生,,
Sugita,杉田,,
Sugino,杉野,,
Sugisaka,杉阪,,
Mura,村,,
Murakami,村上,,
Murashita,村下,,
Muranaka,村中,,
Murai,村井,,
Muramoto,村元,,
Muraguchi,村口,,
Muragaki,村垣,,
Murao,村尾,,
Murayama,村山,,
Muraoka,村岡,,
Muragishi,村岸,,
Murashima,村島,,
Murasaki,村崎,,
Murakawa,村川,,
Muraki,村木,,
Muramoto,村本,,
Murasugi,村杉,,
Muramatsu,村松,,
Murabayashi,村林,,
Murahashi,村橋,,
Murasawa,村澤,,
Murase,村瀨,,
Murata,村田,,
Muraishi,村石,,
Murakoso,村社,,
Muranishi,村西,,
Murakoshi,村越,,
Murabe,村部,,
Murano,村野,,
Tsukahara,束原,,
Tsukada,束田,,
Somata,杣,,
Higashinaka,東中,,
Higashikuze,東久世,,
Higashikuni,東久邇,,
Toi,東井,,
Togi,東儀,,
Higashide,東出,,
Higashizutsumi,東堤,,
Azumaya,東家,,
Higashio,東尾,,
Higashimura,東村,,
Higashiura,東浦,,
Tokai,東海,,
Tohata,東畑,,
Togo,東鄉,,
Kineya,杵屋,,
Kinebuchi,杵淵,,
Matsugami,松上,,
Matsushita,松下,,
Matsunaka,松中,,
Matsumaru,松丸,,
Matsuhisa,松久,,
Matsui,松井,,
Matsushiro,松代,,
Matsukura,松倉,,
Matsumoto,松元,,
Matsuuchi,松內,,
Matsubara,松原,,
Matsuyoshi,松吉,,
Matsudo,松土,,
Matsuba,松場,,
Matsumuro,松室,,
Matsumiya,松宮,,
Matsuo,松尾,,
Matsui,松居,,
Matsuya,松屋,,
Matsuyama,松山,,
Matsuoka,松岡,,
Matsushima,松島,,
Matsukawa,松川,,
Matsudaira,松平,,
Matsuhiro,松廣,,
Matsunobu,松延,,
Matsudo,松戶,,
Matsukata,松方,,
Matsuki,松木,,
Matsumoto,松本,,
Matsumura,松村,,
Matsumori,松森,,
Matsunaga,松永,,
Matsue,松江,,
Matsunuma,松沼,,
Matsunami,松波,,
Matsunami,松浪,,
Matsuzawa,松澤,,
Matsunami,松濤,,
Matsuse,松瀨,,
Matsuo,松生,,
Matsuda,松田,,
Matsuishi,松石,,
Matsunawa,松繩,,
Matsunae,松苗,,
Matsuba,松葉,,
Matsuura,松蒲,,
Matsufuji,松藤,,
Matsumi,松見,,
Matsuno,松野,,
Matsunaga,松長,,
Matsukuma,松隈,,
Itai,板井,,
Itakura,板倉,,
Itahara,板原,,
Itagaki,板垣,,
Itaya,板屋,,
Itayama,板山,,
Itagawa,板川,,
Bando,板東,,
Itabashi,板橋,,
Itaya,板谷,,
Itatani,板谷 ,,
Itasaka,板阪,,
Hayashi,林,,
Hayashibara,林原,,
Hayashiya,林家,,
Hayashiya,林屋,,
Hayashida,林田,,
Hayashibe,林部,,
Eda,枝,,
Edayoshi,枝吉,,
Edakawa,枝川,,
Edamura,枝村,,
Karai,柄井,,
Emoto,柄本,,
Kashiwa,柏,,
Kashiwai,柏井,,
Kashiwakura,柏倉,,
Kashiwayama,柏山,,
Kashiwado,柏戶,,
Kashiwagi,柏木,,
Kashiwamoto,柏本,,
Kashiwase,柏瀨,,
Kashiwakuma,柏熊,,
Kashiwada,柏田,,
Kashiwaba,柏葉,,
Kashiwano,柏野,,
Somei,染井,,
Somemiya,染宮,,
Somezaki,染崎,,
Somekawa,染川,,
Someta,染田,,
Someno,染野,,
Tsuge,柘值,,
Yumoto,柚本,,
Yagibori,柳堀,,
Yanagiya,柳家,,
Yagioka,柳岡,,
Yanagawa,柳川,,
Nagira,柳樂,,
Yanagibashi,柳橋,,
Yanagisawa,柳澤,,
Yagyu,柳生,,
Yanagimachi,柳町,,
Shiba,柴,,
Shibahara,柴原,,
Shibagaki,柴垣,,
Shibayama,柴山,,
Shibazaki,柴崎,,
Shibamoto,柴本,,
Shibanuma,柴沼,,
Shibata,柴田,,
Shibatate,柴立,,
Shibano,柴野,,
Tanazawa,柵澤,,
Masai,柾井,,
Masaki,柾木,,
Kakiuchi,柿內,,
Kakihara,柿原,,
kakitsubo,柿坪,,
Kakishima,柿島,,
Kakizaki,柿崎,,
Kakimoto,柿本,,
Kakinuma,柿沼,,
Kakizawa,柿澤,,
Kakita,柿田,,
Kakitani,柿谷,,
Suhara,栖原,,
Kaname,栗,,
Kurihara,栗原,,
Kuriki,栗城,,
Awaya,栗屋,,
Kuriyama,栗山,,
Kurioka,栗岡,,
Kuriiwa,栗岩,,
Kurishima,栗島,,
Kurisaki,栗崎,,
Awakawa,栗川,,
Kuriki,栗木,,
Kurimoto,栗本,,
Kuribayashi,栗林,,
Kurihashi,栗橋,,
Awazu,栗津,,
Awataguchi,栗田口,,
Kurisu,栗須,,
Negami,根上,,
Nemoto,根元,,
Negishi,根岸,,
Negi,根木,,
Nemura,根村,,
Nezu,根津,,
Neda,根田,,
Neishi,根石,,
Nedate,根立,,
Warome,根路銘,,
Katsura,桂,,
Katsurayama,桂山,,
Katsuragawa,桂川,,
Katsuramura,桂村,,
Katsurada,桂田,,
Momo,桃,,
Momohara,桃原,,
Momokawa,桃川,,
Momosawa,桃澤,,
Momota,桃田,,
Momotani,桃谷,,
Anno,案納,,
Kirihara,桐原,,
Kiriyama,桐山,,
Kirimoto,桐本,,
Kirimura,桐村,,
Kirisawa ,桐澤,,
Kiryu,桐生,,
Kirita,桐田,,
Kirihata,桐畑,,
Kiritake,桐竹,,
Kirino,桐野,,
Kuwana,桑名,,
Kuwayama,桑山,,
Kuwajima,桑島,,
Kuwaki,桑木,,
Kuwamura,桑村,,
Kuwata,桑田,,
Kuwahata,桑畑,,
Kuwano,桑野,,
Masui,桝井,,
Masuoka,桝岡,,
Masukawa,桝川,,
Masumoto,桝本,,
Masuda,桝田,,
Oketa,桶田,,
Yanashima,梁島,,
Yanagawa,梁川,,
Yanamoto,梁本,,
Yanase,梁瀨,,
Yanada,梁田,,
Ume,梅,,
Umehara,梅原,,
Umezono,梅園,,
Umegaki,梅垣,,
Umemiya,梅宮,,
Umeyama,梅山,,
Umeoka,梅岡,,
Umezaki,梅崎,,
Umekawa,梅川,,
Umebori,梅暮,,
Umeki,梅木,,
Umemoto,梅本,,
Umemura,梅村,,
Umebayashi,梅林,,
Umene,梅根,,
Umesao,梅棹,,
Umezu,梅津,,
Umeura,梅浦,,
Umezawa,梅澤,,
Umeda,梅田,,
Umewaka,梅若,,
Umeno,梅野,,
Nashimoto,梨本,,
kakehashi,梯,,
kaji,梶,,
Kajii,梶井,,
Kajitsuka,梶塚,,
Kajiyama,梶山,,
Kajioka,梶岡,,
kajikawa,梶川,,
Kajiki,梶木,,
Kajimoto,梶本,,
kajimura,梶村,,
Kajiura,梶浦,,
Kajita,梶田,,
Kajino,梶野,,
Tanahara,棚原,,
Tanaki,棚木,,
Tanahashi,棚橋,,
Tanazawa,棚澤,,
Tanada,棚田,,
Tanaami,棚網,,
Tanabe,棚邊,,
Munakata,棟方,,
Mori,森,,
Morishita,森下,,
Morinaka,森中,,
Morii,森井,,
Morizumi,森住,,
Morimoto,森元,,
Moriuchi,森內,,
Morihara,森原,,
Moriguchi,森口,,
Moriyoshi,森吉,,
Morigaki,森垣,,
Moriyasu,森安,,
Morizane,森實,,
Morijiri,森尻,,
Morio,森尾,,
Morii,森居,,
Moriya,森屋,,
Moriyama,森山,,
Morioka,森岡,,
Morishima,森島,,
Morisaka,森崎,,
Morikawa,森川,,
Morihira,森平,,
Morito,森戶,,
Moriki,森木,,
Morimoto,森本,,
Morimura,森村,,
Morimatsu,森松,,
Moribayashi,森林,,
Morinaga,森永,,
Morie,森江,,
Moriizumi,森泉,,
Morisawa,森澤,,
Morise,森瀨,,
Morita,森田,,
Moritake,森竹,,
Moriwaki,森脅,,
Morinishi,森西,,
Morichika,森近,,
Moribe,森部,,
Morishige,森重,,
Morino,森野,,
Morinaga,森長,,
Moritaka,森高,,
Muku,椋,,
Mukunoki,椋木,,
Mukunashi,椋梨,,
Kurahashibe,椋橋部,,
Kurabe,椋部,,
Uehara,植原,,
Uegaki,植垣,,
Ueyama,植山,,
Uejima,植島,,
Uezaki,植崎,,
Uetsuki,植月,,
Ueki,植木,,
Uemoto,植本,,
Uesugi,植杉,,
Uemura,植村,,
Uematsu,植松,,
Ueda,植田,,
Uetake,植竹,,
Ueshiba,植芝,,
Uekusa,植草,,
Uenishi,植西,,
Ueno,植野,,
Shiihara,椎原,,
Shiina,椎名,,
Shiio,椎尾,,
Shiimoto,椎本,,
Shiihashi,椎橋,,
Shiikuma,椎熊,,
Shiiba,椎葉,,
Shiitani,椎谷,,
Shiino,椎野,,
Kaede,楓,,
Kusuhara,楠原,,
Kusuyama,楠山,,
Kusumoto,楠本,,
Kusuda,楠田,,
Kusume,楠目,,
Kusuba,楠葉,,
Kusumi,楠見,,
Kusube,楠部,,
Narahara,楢原,,
Narabayashi,楢林,,
Narahashi,楢橋,,
Maki,楨,,
Makihara,楨原,,
Makiyama,楨山,,
Makishima,楨島,,
Makimoto,楨本,,
Makimura,楨村,,
Makieda,楨枝,,
Makita,楨田,,
Makino,楨野,,
Tate,楯,,
Umeki,楳木,,
Nirei,榆井,,
Sakaki,榊,,
Sakakibara,榊原,,
Sakakida,榊田,,
Enoki,榎,,
Enami,榎並,,
Enokido,榎戶,,
Enoki,榎木,,
Enomoto,榎本,,
Enokida,榎田,,
Enokiya,榎谷,,
Hannoki,榛木,,
Hanzawa,榛澤,,
Shinba,榛葉,,
Hanawa,槁,,
Tsuchida,槌田,,
Tsukitani,槻谷,,
Tsubaki,樁,,
Tsubakii,樁井,,
Tsubakimoto,樁本,,
Raku,樂,,
Sasa,樂樂,,
Higuchi,樋口,,
Hiyama,樋山,,
Toikawa,樋川,,
Hinuma,樋沼,,
Hiura,樋浦,,
Higai,樋貝,,
Hino,樋野,,
Kashihara,樫原,,
Kashiyama,樫山,,
Kashiki,樫木,,
Kashimoto,樫本,,
Kashimura,樫村,,
Kashine,樫根,,
Kabayama,樺山,,
Kabasawa,樺澤,,
Taru,樽,,
Tarui,樽井,,
Tarumoto,樽本,,
Tarumi,樽見,,
Tarutani,樽谷,,
Hashi,橋,,
Hashinaka,橋中,,
Hashimoto,橋元,,
Hashiguchi,橋口,,
Hashiba,橋場,,
Hashioka,橋岡,,
Hashikawa,橋川,,
Hashido,橋戶,,
Hashimoto,橋本,,
Hashimura,橋村,,
Hashiura,橋浦,,
Hashizumi,橋爪,,
Hashida,橋田,,
Hashidate,橋立,,
Hashizumi,橋詰,,
Hashino,橋野,,
Tachibana,橘,,
Kitsunai,橘內,,
Tachibanaya,橘屋,,
Kitsukawa,橘川,,
Kitsuta,橘田,,
Kitaka,橘高,,
Yokokura,橫倉,,
Yokomitsu,橫光,,
Yokouchi,橫內,,
Yokochi,橫地,,
Yokobori,橫堀,,
Yokotsuka,橫塚,,
Yokoo,橫尾,,
Yokoya,橫屋,,
Yokoyama,橫山,,
Yokoshima,橫島,,
Yokogawa,橫川,,
Yokote,橫手,,
Yokoki,橫木,,
Yokomura,橫村,,
Yokomori,橫森,,
Yokoe,橫江,,
Yokogawa,橫河,,
Yokomizo,橫溝,,
Yokozawa,橫澤,,
Yokose,橫瀨,,
Yokota,橫田,,
Yokomichi,橫路,,
Yokomichi,橫道,,
Yokono,橫野,,
Yokozeki,橫關,,
Yokosuka,橫須賀,,
Dan,檀,,
Danjo,檀上,,
Higaki,檜垣,,
Hiyama,檜山,,
Tochio,櫔尾,,
Tochigi,櫔木,,
Kushida,櫛田,,
Sakura,櫻,,
Sakurai,櫻井,,
Sakurauchi,櫻內,,
Sakurayama,櫻山,,
Sakuraoka,櫻岡,,
Sakuragawa,櫻川,,
Sakuragi,櫻木,,
Sakuramoto,櫻本,,
Sakurazawa,櫻澤,,
Sakurada,櫻田,,
Sakuratani,櫻谷,,
Gondo,權藤,,
Gonno,權野,,
Tsugita,次田,,
Utashiro,歌代,,
Utagawa,歌川,,
Utahashi,歌橋,,
Utazawa,歌澤,,
Kato,歌藤,,
Masai,正井,,
Shoriki,正力,,
Shoji,正司,,
Shoji,正子,,
Masamune,正宗,,
Masatomi,正富,,
Shoyama,正山,,
Masaoka,正岡,,
Masaki,正木,,
Masamura,正村,,
Masamori,正森,,
Shoji,正示,,
Ogimachi,正親町,,
Ogimachisanjo,正親町三條,,
Shoji,正路,,
Shono,正野,,
Take,武,,
Takeshita,武下,,
Takenaka,武中,,
Takei,武井,,
Takenobu,武信,,
Takehara,武原,,
Takeshi,武士,,
Taketomi,武富,,
Takei,武居,,
Takeoka,武岡,,
Takeshima,武島,,
Takemasa,武政,,
Takechi,武智,,
Takemoto,武本,,
Takemura,武村,,
Takematsu,武松,,
Takebayashi,武林,,
Takee,武江,,
Takezawa,武澤,,
Takeda,武田,,
Takechi,武知,,
Takeishi,武石,,
Mukasa,武笠,,
Musha,武者,,
Musashi,武藏,,
Takebe,武部,,
Takeno,武野,,
Kaeriyama,歸山,,
Ueda,殖田,,
Zanma,殘間,,
Danno,段野,,
Tonooka,殿岡,,
Tonomura,殿村,,
Busujima,毒島,,
Hiki,比企,,
Hidai,比田井,,
Hiruma,比留間,,
Mori,毛利,,
Kezuka,毛塚,,
Ujimaru,氏丸,,
Ujihara,氏原,,
Ujie,氏家,,
Ujita,氏田,,
Kehi,氣比,,
Kigasawa,氣賀澤,,
Mizui,水井,,
Mizumoto,水元,,
Mizuuchi,水內,,
Mizuhara,水原,,
Mizugaki,水垣,,
Mizuyama,水山,,
Mizuoka,水岡,,
Mizushima,水島,,
Mizusaki,水崎,,
Mizukawa,水川,,
Mito,水戶,,
Mitobe,水戶部,,
Mizuki,水木,,
Mizumoto,水本,,
Mizumura,水村,,
Mizuhashi,水橋,,
Mizunuma,水沼,,
Suizu,水津,,
Mizusawa,水澤,,
Mizumachi,水町,,
Mizuochi,水落,,
Mizuno,水野,,
Mizunoya,水野谷,,
Mizuma,水間,,
Nagakubo,永久保,,
Nagai,永井,,
Nagasaku,永作,,
Nagakura,永倉,,
Nagahara,永原,,
Nagayoshi,永吉,,
Nagabori,永堀,,
Nagatsuka,永塚,,
Nagatsuma,永妻,,
Nagayasu,永安,,
Nagatomi,永富,,
Nagao,永尾,,
Nagayama,永山,,
Nagaoka,永岡,,
Nagamine,永峰,,
Nagakawa,永川,,
Nagato,永戶,,
Nagayasu,永易,,
Nagaki,永木,,
Nagasue,永末,,
Nagamoto,永本,,
Nagamatsu,永松,,
Nagamori,永森,,
Nagae,永江,,
Naganuma,永沼,,
Nagasawa,永澤,,
Nagahama,永濱,,
Nagase,永瀨,,
Nagata,永田,,
Nagamori,永盛,,
Nagaishi,永石,,
Nagafuji,永藤,,
Nagami,永見,,
Nagano,永野,,
Nagasaka,永阪,,
Shiomi,汐見,,
Go,江,,
Erigawa,江利川,,
Erizumi,江利角,,
Esashi,江刺,,
Ezoe,江副,,
Enami,江南,,
Eguchi,江口,,
Eshiro,江城,,
Emori,江守,,
Ejiri,江尻,,
Ejima,江島,,
Ejimaya,江島屋,,
Egawa,江川,,
Ebata,江幡,,
Enari,江成,,
Edo,江戶,,
Edogawa,江戶川,,
Egi,江木,,
Emoto,江本,,
Emura,江村,,
Emori,江森,,
Ehashi,江橋,,
Enami,江波,,
Ebato,江波戶,,
Ezoe,江添,,
Ezawa,江澤,,
Ehata,江畑,,
Ebata,江端,,
Ehana,江花,,
Egusa,江草,,
Enishi,江西,,
Emi,江見,,
Esumi,江角,,
Ezure,江連,,
Ebe,江部,,
Eriguchi,江里口,,
Ema,江間,,
Esaka,江阪,,
Ezura,江面,,
Ema,江馬,,
Eguro,江黑,,
Ike,池,,
Ikeshita,池下,,
Ikenaka,池中,,
Ikehara,池原,,
Ikeguchi,池口,,
Ikezono,池園,,
Ikenobo,池坊,,
Ikegusuku,池城,,
Ikejiri,池尻,,
Ikeo,池尾,,
Ikeyama,池山,,
Ikeshima,池島,,
Ikezaki,池崎,,
Ikekawa,池川,,
Iketo,池戶,,
Ikemoto,池本,,
Ikemura,池村,,
Ikematsu,池松,,
Ikenaga,池永,,
Ikeura,池浦,,
Ikezoe,池添,,
Ikezawa,池澤,,
Ikeda,池田,,
Ikebata,池畑,,
Iketomo,池知,,
Ikenishi,池西,,
Ikegai,池貝,,
Ikebe,池邊,,
Ikebe,池部,,
Ikeno,池野,,
Ikegame,池龜,,
Kutsukake,沓掛,,
Kutsuzawa,沓澤,,
Oki,沖,,
Okinaka,沖中,,
Okiyama,沖山,,
Okimoto,沖本,,
Okitsu,沖津,,
Okita,沖田,,
Okino,沖野,,
Sataku,沙宅,,
Kawa,河,,
Kawai,河井,,
Kawakita,河北,,
Kawahara,河原,,
Kawaharazuka,河原塚,,
Kawarazaki,河原崎,,
Kawamata,河又,,
Kawaguchi,河口,,
Kawai,河合,,
Kawakita,河喜多,,
Kawagishi,河岸,,
Kawashima,河島,,
Kawasaki,河崎,,
Kawamura,河村,,
Kawase,河瀨,,
Kawamori,河盛,,
Kawai,河相,,
Kawatake,河竹,,
Kawasumi,河角,,
Kawagoe,河越,,
Kawabe,河邊,,
Kawanabe,河鍋,,
Kawabata,河鰭,,
Haruta,治田,,
Numa,沼,,
Numagami,沼上,,
Numakura,沼倉,,
Numaguchi,沼口,,
Numajiri,沼尻,,
Numao,沼尾,,
Numasaki,沼崎,,
Numakawa,沼川,,
Nunami,沼波,,
Numasawa,沼澤,,
Numata,沼田,,
Numabe,沼部,,
Numano,沼野,,
Numa,沼間,,
Izumi,泉,,
Motoji,泉二,,
Izumii,泉井,,
Izumio,泉尾,,
Izumiyama,泉山,,
Izumimoto,泉本,,
Izumisawa,泉澤,,
Izumida,泉田,,
Tomari,泊,,
Noritsuki,法月,,
Hata,波多,,
Hatae,波多江,,
Hatano,波多野,,
Hatano,波田野,,
Habe,波部,,
Horaguchi,洞口,,
Toin,洞院,,
Tsukui,津久井,,
Tsuyoshi,津吉,,
Tsumori,津守,,
Tsuya,津屋,,
Tsuyama,津山,,
Tsushima,津島,,
Tsuzaki,津崎,,
Tsugawa,津川,,
Tsubuku,津布久,,
Tsubata,津幡,,
Tsuuchi,津打,,
Tsumagari,津曲,,
Tsumoto,津本,,
Tsumura,津村,,
Tsunami,津波,,
Tsuhako,津波古,,
Tsuda,津田,,
Tsuru,津留,,
Tsubata,津端,,
Tsutani,津谷,,
Tsugaru,津輕,,
Tsuno,津野,,
Tsunoda,津野田,,
Tsugane,津金,,
Tsuzaka,津阪,,
Tsukumo,津雲,,
Ko,洪,,
Suzaki,洲崎,,
Sasuga,流石,,
Ura,浦,,
Uragami,浦上,,
Urai,浦井,,
Urayama,浦山,,
Urashima,浦島,,
Urazaki,浦崎,,
Urakawa,浦川,,
Uramoto,浦本,,
Urasawa,浦澤,,
Uranishi,浦西,,
Uratani,浦谷,,
Urabe,浦邊,,
Urabe,浦部,,
Urano,浦野,,
Namioka,浪岡,,
Namikoshi,浪越,,
Ukishima,浮田,,
Kaiho,海北,,
Kaihara,海原,,
Kaiho,海寶,,
Kaigo,海後,,
Kaito,海東,,
Kainuma,海沼,,
Ebi,海老,,
Ebihara,海老原,,
Ebina,海老名,,
Ebine,海老根,,
Ebinuma,海老沼,,
Ebisawa,海老澤,,
Nori,海苔,,
Umitani,海谷,,
Kaiga,海賀,,
Kaibu,海部,,
Kaionji,海音寺,,
Wakui,涌井,,
Wakuta,涌田,,
Yodogawa,淀川,,
Awaya,淡谷,,
Awaji,淡路,,
Tannawa,淡輪,,
Fukai,深井,,
Fukao,深尾,,
Fukagawa,深川,,
Fukabori,深掘,,
Fukamizu,深水,,
Fukae,深江,,
Fukatsu,深津,,
Fukami,深海,,
Fukazawa,深澤,,
Fukase,深瀨,,
Fukada,深田,,
Fukamachi,深町,,
Fukakusa,深草,,
Fukami,深見,,
Fukano,深野,,
Fuchi,淵,,
Fuchida,淵田,,
Asai,淺井,,
Asakura,淺倉,,
Asari,淺利,,
Asahara,淺原,,
Asako,淺古,,
Asago,淺子,,
Asao,淺尾,,
Asayama,淺山,,
Asaoka,淺岡,,
Asajima,淺島,,
Asakawa,淺川,,
Asami,淺水,,
Asanuma,淺沼,,
Asai,淺生,,
Asada,淺田,,
Asaha,淺羽,,
Asakusa,淺草,,
Asaba,淺葉,,
Asami,淺見,,
Asaga,淺賀,,
Asaji,淺路,,
Asano,淺野,,
Asama,淺間,,
Asaka,淺香,,
Soeda,添田,,
Soeno,添野,,
Kiyohara,清原,,
Kiyotsuka,清塚,,
Kiyooka,清岡,,
Kiyoshima,清島,,
Kiyokawa,清川,,
Kiyomoto,清本,,
Kiyomura,清村,,
Kiyoura,清浦,,
Kiyose,清瀨,,
Kiyomi,清見,,
Watari,渡,,
Tokuchi,渡久地,,
Tokashiki,渡嘉敷,,
Watase,渡瀨,,
Watanabe,渡邊,,
Atsumi,渥美,,
Ito,渭東,,
Ito,渭藤,,
Minato,湊,,
Tansui,湛水,,
Yugami,湯上,,
Yuhara,湯原,,
Yuguchi,湯口,,
Yuyama,湯山,,
Yukawa,湯川,,
Yuki,湯木,,
Yumoto,湯本,,
Yumura,湯村,,
Yukawa,湯河,,
Yuasa,湯淺,,
Yuzawa,湯澤,,
Yuda,湯田,,
Awara,湶,,
Minamoto,源,,
Minagawa,源川,,
Genji,源氏,,
Genda,源田,,
Mizoi,溝井,,
Mizoguchi,溝口,,
Mizorogi,溝呂木,,
Mizobuchi,溝淵,,
Mizota,溝田,,
Mizohata,溝畑,,
Mizobata,溝端,,
Mizobe,溝部,,
Nukui,溫井,,
Nukumi,溫水,,
Shiga,滋賀,,
Shigeno,滋野,,
Shigenoi,滋野井,,
Namekawa,滑川,,
Mitsui,滿井,,
Mitsuo,滿尾,,
Mitsutani,滿谷,,
Urushihata,漆畑,,
Nuribe,漆部,,
Uruma,漆間,,
Kanna,漢那,,
Ayabe,漢部,,
Usho,潮,,
Ushoda,潮田,,
Shibui,澀井,,
Shibukawa,澀川,,
Shibuki,澀木,,
Shibue,澀江,,
Shibusawa,澀澤,,
Shibuta,澀田,,
Sumikawa,澄川,,
Sumita,澄田,,
Sawa,澤,,
Sawai,澤井,,
Sawazumi,澤住,,
Sawaguchi,澤口,,
Sawayama,澤山,,
Sawasaki,澤崎,,
Sawamoto,澤本,,
Sawamura,澤村,,
Sawayanagi,澤柳,,
Omodaka,澤瀉,,
Sawada,澤田,,
Sawahata,澤畑,,
Sawaki,澤脇,,
Sawafuji,澤藤,,
Sawatani,澤谷,,
Sawabe,澤邊,,
Sawabe,澤部,,
Sawano,澤野,,
Koino,濃野,,
Hama,濱,,
Hamanaka,濱中,,
Hamai,濱井,,
Hamamoto,濱元,,
Hamaguchi,濱口,,
Hamana,濱名,,
Hamachi,濱地,,
Hamao,濱尾,,
Hamaoka,濱岡,,
Hamashima,濱島,,
Hamazaki,濱崎,,
Hamakawa,濱川,,
Hamamoto,濱本,,
Hamamura,濱村,,
Hamamatsu,濱松,,
Hamaike,濱池,,
Hamada,濱田,,
Hamahata,濱畑,,
Hamanishi,濱西,,
Hamabe,濱邊,,
Hamano,濱野,,
Taki,瀧,,
Takishita,瀧下,,
Takii,瀧井,,
Takiuchi,瀧內,,
Takihara,瀧原,,
Takiguchi,瀧口,,
Takiyama,瀧山,,
Takishima,瀧島,,
Takigawa,瀧川,,
Takimoto,瀧本,,
Takimura,瀧村,,
Takinami,瀧浪,,
Takizawa,瀧澤,,
Takise,瀧瀨,,
Takita,瀧田,,
Takiwaki,瀧脅,,
Takito,瀧藤,,
Takino,瀧野,,
Seshita,瀨下,,
Seguchi,瀨口,,
Seko,瀨古,,
Sena,瀨名,,
Seyama,瀨山,,
Sejima,瀨島,,
Sezaki,瀨崎,,
Segawa,瀨川,,
Seto,瀨戶,,
Setoguchi,瀨戶口,,
Setoyama,瀨戶山,,
Setogawa,瀨戶川,,
Seki,瀨木,,
Senuma,瀨沼,,
Seta,瀨田,,
Sebata,瀨畑,,
Sera,瀨良,,
Sebe,瀨部,,
Seno,瀨野,,
Senaga,瀨長,,
Sema,瀨間,,
Nada,灘,,
Nadao,灘尾,,
Hino,火野,,
Haino,灰野,,
Sumitani,炭谷,,
Tamegai,為我井,,
Tamenaga,為永,,
Isato,為鄉,,
Karasumaru,烏丸,,
Utei,烏亭,,
Muchaku,無著,,
Murata,無量塔,,
Kemuyama,煙山,,
Terui,照井,,
Teruya,照屋,,
Teruyama,照山,,
Terunuma,照沼,,
Kumai,熊井,,
Kumashiro,熊代,,
Kumakura,熊倉,,
Kumakiri,熊切,,
Kumashiro,熊城,,
Kumaoka,熊岡,,
Kumazaki,熊崎,,
Kumakawa,熊川,,
Kumamoto,熊本,,
Kumazawa,熊澤,,
Kumata,熊田,,
Kumano,熊野,,
Kumasaka,熊阪,,
Noshi,熨斗,,
Atsuta,熱田,,
Katagami,片上,,
Katakura,片倉,,
Katata,片多,,
Katayori,片寄,,
Katayama,片山,,
Kataoka,片岡,,
Katahira,片平,,
Kataniwa,片庭,,
Katamoto,片本,,
Katayanagi,片柳,,
Katane,片根,,
Katagiri,片桐,,
Katase,片瀨,,
Katada,片田,,
Katagai,片貝,,
Katano,片野,,
Ushimaru,牛丸,,
Ushiku,牛久,,
Ushikubo,牛久保,,
Ushiba,牛場,,
Ushizuka,牛塚,,
Ushio,牛尾,,
Ushiyama,牛山,,
Ushijima,牛島,,
Ushiki,牛木,,
Ushizawa,牛澤,,
Ushida,牛田,,
Ushikubo,牛窪,,
Ushikoshi,牛越,,
Mu,牟,,
Muta,牟田,,
Mudaguchi,牟田口,,
Oga,牡鹿,,
Maki,牧,,
Makiuchi,牧內,,
Makihara,牧原,,
Makiguchi,牧口,,
Makiyama,牧山,,
Makishima,牧島,,
Makimoto,牧本,,
Makimura,牧村,,
Makiura,牧浦,,
Makise,牧瀨,,
Makita,牧田,,
Makino,牧野,,
Motsugai,物外,,
Monoe,物江,,
Mozume,物集,,
Inugami,犬上,,
Inumaru,犬丸,,
Inui,犬井,,
Inubushi,犬伏,,
Inuzuka,犬塚,,
Inuta,犬田,,
Inumejuku,犬目宿,,
Inukai,犬飼,,
Inukai,犬養,,
Kozuka,狐塚,,
Kariya,狩谷,,
Sano,狹野,,
Hazama,狹間,,
Saruyama,猿山,,
Endo,猿度,,
Saruhashi,猿橋,,
Shishi,獅子,,
Tamano,玉乃,,
Tamai,玉井,,
Tamaide,玉出,,
Tamayama,玉山,,
Tamaoka,玉岡,,
Tamagawa,玉川,,
Tamanari,玉成,,
Tamate,玉手,,
Tamaki,玉木,,
Tamamoto,玉本,,
Tamamura,玉村,,
Tamamatsu,玉松,,
Tamakaji,玉楮,,
Tamazawa,玉澤,,
Tamada,玉田,,
Tamamushi,玉虫,,
Tamakoshi,玉越,,
Tamatsukuri,玉造,,
Tamano,玉野,,
Tamanishiki,玉錦,,
Chinda,珍田,,
Tamaki,環,,
Uryu,瓜生,,
Kawarai,瓦井,,
Amari,甘利,,
Amakasu,甘粕,,
Amakasu,甘糟,,
Namaizawa,生井澤,,
Oide,生出,,
Namekawa,生川,,
Ikimatsu,生松,,
Ikue,生江,,
Oinuma,生沼,,
Ikuta,生田,,
Namatame,生田目,,
Ikuine,生稻,,
Oigoshi,生越,,
Ikuno,生野,,
Ikoma,生駒,,
Yokai,用皆,,
Tanaka,田中,,
Tanakadate,田中館,,
Tamaru,田丸,,
Takubo,田久保,,
Tai,田井,,
Tainaka,田井中,,
Tatsuke,田付,,
Tashiro,田代,,
Tanaka,田仲,,
Tabohashi,田保橋,,
Takura,田倉,,
Takita,田北,,
Tamaki,田卷,,
Taguchi,田口,,
Tanaami,田名網,,
Tawa,田和,,
Taba,田場,,
Tago,田子,,
Tamori,田守,,
Tayasu,田安,,
Tamiya,田宮,,
Tajitsu,田實,,
Tajiri,田尻,,
Tao,田尾,,
Tayama,田山,,
Taoka,田岡,,
Tajima,田島,,
Tazaki,田崎,,
Tagawa,田川,,
Tabata,田幡,,
Tahira,田平,,
Tato,田戶,,
Tadokoro,田所,,
Tamura,田村,,
Tabayashi,田林,,
Tamono,田母野,,
Tagawa,田河,,
Tanuma,田沼,,
Tanami,田波,,
Taura,田浦,,
Tabuchi,田淵,,
Tazoe,田添,,
Tazawa,田澤,,
Taguma,田熊,,
Tamaki,田牧,,
Tabata,田畑,,
Tatsumi,田積,,
Takubo,田窪,,
Tabata,田端,,
Tanomura,田能村,,
Takusagawa,田草川,,
Taga,田賀,,
Taji,田路,,
Tajika,田近,,
Tanabe,田邊,,
Tano,田野,,
Tanokura,田野倉,,
Tanabe,田鍋,,
Takusari,田鎖,,
Tasaka,田阪,,
Tatsuke,田附,,
Tagashira,田頭,,
Tajika,田鹿,,
Yoshigami,由上,,
Yuri,由利,,
Yui,由比,,
Yoshizawa,由澤,,
Yura,由良,,
Yuki,由起,,
Kai,甲斐,,
Kato,甲藤,,
Koga,甲賀,,
Kono,甲野,,
Otani,男谷,,
Machii,町井,,
Machijiri,町尻,,
Machiyama,町山,,
Machimura,町村,,
Machida,町田,,
Machino,町野,,
Hata,畑,,
Hatanaka,畑中,,
Hatai,畑井,,
Hatano,畑野,,
Kuroyanagi,畔柳,,
Kuroda,畔田,,
Rusu,留守,,
Tomeoka,留岡,,
Azechi,畦地,,
Bansho,番匠,,
Banba,番場,,
Banno,番野,,
Toma,當摩,,
Toma,當真,,
Toma,當間,,
Toma,當麻,,
Hikita,疋田,,
Nobori,登,,
Touchi,登內,,
Toyama,登山,,
Tobari,登張,,
Tosaka,登阪,,
Kebukawa,發生川,,
Shirai,白井,,
Shirani,白仁,,
Shirakura,白倉,,
Shirahara,白原,,
Shirako,白子,,
Shiroiwa,白岩,,
Shiramine,白峰,,
Shirasaki,白崎,,
Shirakawa,白川,,
Shirahata,白幡,,
Shirato,白戶,,
Shirane,白根,,
Shiroe,白江,,
Shirakawa,白河,,
Shirasu,白洲,,
Shirasawa,白澤,,
Shirahama,白濱,,
Shirataki,白瀧,,
Shirase,白瀨,,
Shirahata,白畑,,
Shiraishi,白石,,
Shirosuna,白砂,,
Shirotani,白谷,,
Shirai,白豬,,
Shirogane,白銀,,
Hyakutake,百武,,
Kudara,百濟,,
Momose,百瀨,,
Momota,百田,,
Matoba,的場,,
Minagawa,皆川,,
Minaki,皆木,,
Kaito,皆藤,,
Masui,益井,,
Masuyama,益山,,
Masujima,益島,,
Masukawa,益川,,
Masudo,益戶,,
Masuda,益田,,
Masutani,益谷,,
Mori,盛,,
Morisada,盛定,,
Moriyama,盛山,,
Morioka,盛岡,,
Morita,盛田,,
Kenmotsu,監物,,
Ro,盧,,
Ioi,盧井,,
Sakka,目,,
Mezaki,目崎,,
Mera,目良,,
Megata,目賀田,,
Meguro,目黑,,
Sunao,直,,
Naoi,直井,,
Naoki,直木,,
Naoe,直江,,
Naota,直田,,
Aihara,相原,,
Aiiso,相嘰,,
Aiba,相場,,
Aiyama,相山,,
Aijima,相島,,
Aikiwa,相川,,
Aiba,相庭,,
Sagara,相樂,,
Aizawa,相澤,,
Aioi,相生,,
Aiba,相羽,,
Sagara,相良,,
Aiba,相葉,,
Aimi,相見,,
Soma,相馬,,
Mashita,真下,,
Manaka,真中,,
Shinbo,真保,,
Makabe,真壁,,
Maie,真家,,
Mayama,真山,,
Majima,真島,,
Mazaki,真崎,,
Mayumi,真弓,,
Magara,真柄,,
Mashiba,真柴,,
Madono,真殿,,
Mamata,真真田,,
Masago,真砂,,
Mafune,真船,,
Makuzu,真葛,,
Shingai,真貝,,
Manabe,真部,,
Mano,真野,,
Shindo,真銅,,
Manabe,真鍋,,
Furuya,矢,,
Yagami,矢上,,
Yakura,矢倉,,
Yanaihara,矢內原,,
Yaguchi,矢口,,
Yabuki,矢吹,,
Yao,矢尾,,
Yaoita,矢尾板,,
Yayama,矢山,,
Yajima,矢島,,
Yazaki,矢崎,,
Yago,矢後,,
Yagi,矢木,,
Yamoto,矢本,,
Yaita,矢板,,
Yahashi,矢橋,,
Yatsugi,矢次,,
Yazawa,矢澤,,
Yada,矢田,,
Yatabe,矢田部,,
Yabana,矢花,,
Yahagi,矢萩,,
Yatani,矢谷,,
Yaoi,矢追,,
Yabe,矢部,,
Yano,矢野,,
Yato,矢頭,,
Chinen,知念,,
Chibana,知花,,
Chiri,知里,,
Chino,知野,,
Seki,石,,
Ishimaru,石丸,,
Ishii,石井,,
Ishikura,石倉,,
Ishimitsu,石光,,
Ishide,石出,,
Ishimaki,石卷,,
Ishihara,石原,,
Ishiguchi,石口,,
Ishiai,石合,,
Ishiwa,石和,,
Ishigaki,石垣,,
Ishiki,石城,,
Ishido,石堂,,
Ishido,石塔,,
Ishizuka,石塚,,
Ishiko,石子,,
Ishio,石尾,,
Ishii,石居,,
Ishiyama,石山,,
Ishioka,石岡,,
Ishijima,石島,,
Ishikawa,石川,,
Ishihashi,石工,,
Ishibiki,石引,,
Ishikure,石搏,,
Ishizone,石曾根,,
Ishimoto,石本,,
Ishimura,石村,,
Ishimatsu,石松,,
Ishiketa,石桁,,
Ishimori,石森,,
Ishibashi,石橋,,
Ishimota,石母,,
Ishige,石毛,,
Ishizu,石津,,
Ishiura,石浦,,
Ishizawa,石澤,,
Ishihama,石濱,,
Ishio,石王,,
Ishida,石田,,
Ishiba,石破,,
Ishigami,石神,,
Ishiwata,石綿,,
Ishikura,石藏,,
Ishimi,石見,,
Ishiga,石賀,,
Ishibe,石部,,
Ishigooka,石鄉岡,,
Ishino,石野,,
Ishigane,石金,,
Ishinabe,石鍋,,
Ishizeki,石關,,
Ishizaka,石阪,,
Ishitsuki,石附,,
Ishitobi,石飛,,
Ishiguro,石黑,,
Ishigame,石龜,,
Sunahara,砂原,,
Sunatsuka,砂塚,,
Sunayama,砂山,,
Sunaoka,砂岡,,
Sunagawa,砂川,,
Sunaoshi,砂押,,
Sunamura,砂村,,
Sunada,砂田,,
Sato,砂糖,,
Ikari,碇,,
Usui,碓井,,
Usui,碓冰,,
Usui,碓居,,
Iso,磯,,
Isoyama,磯山,,
Isoshima,磯島,,
Isozaki,磯崎,,
Isokawa,磯川,,
Isomoto,磯本,,
Isomura,磯村,,
Isoda,磯田,,
Isogai,磯貝,,
Isobe,磯邊,,
Isobe,磯部,,
Isono,磯野,,
Iso,礒,,
Isozaki,礒崎,,
Isoda,礒田,,
Isobe,礒邊,,
Isobe,礒部,,
Isono,礒野,,
Tonami,礪波,,
Shamoto,社本,,
Gion,祇園,,
Sofue,祖父江,,
Hori,祝,,
Kansaku,神作,,
kamimae,神前,,
Kamiko,神子,,
Jingu,神宮,,
Jinguji,神宮司,,
Kamio,神尾,,
Kamioka,神岡,,
Kamikawa,神川,,
Kamiki,神木,,
Kamimura,神村,,
Kaminaga,神永,,
Jinzai,神西,,
Jinno,神農,,
Kamichika,神近,,
Kaminaga,神長,,
Kodo,神門,,
Komuchi,神鞭,,
Fukunaka,福中,,
Fukui,福井,,
Fukuzumi,福住,,
Fukumoto,福元,,
Fukumitsu,福光,,
Fukuuchi,福內,,
Fukuhara,福原,,
Fukuyoshi,福吉,,
Fukuchi,福地,,
Fukushi,福士,,
Fukumuro,福室,,
Fukudomi,福富,,
Fukuo,福尾,,
Fukui,福居,,
Fukuyama,福山,,
Fukuoka,福岡,,
Fukushima,福島,,
Fukusaki,福崎,,
Fukukawa,福川,,
Fukumoto,福本,,
Fukumura,福村,,
Fukumori,福森,,
Fukutake,福武,,
Fukunaga,福永,,
Fukue,福江,,
Fukuike,福池,,
Fukuzawa,福澤,,
Fukuda,福田,,
Fukudome,福留,,
Fukuishi,福石,,
Fukuba,福羽,,
Fukuyo,福與,,
Fukunishi,福西,,
Fukushige,福重,,
Fukuno,福野,,
Fukuma,福間,,
Nejime,禰寢,,
Nezu,禰津,,
Hideshima,秀島,,
Kisaichi,私市,,
Akiho,秋保,,
Akimoto,秋元,,
Akiyoshi,秋吉,,
Akiba,秋場,,
Akisada,秋定,,
Akitomi,秋富,,
Akiyama,秋山,,
Akioka,秋岡,,
Akizuki,秋月,,
Akimoto,秋本,,
Akinaga,秋永,,
Akizawa,秋澤,,
Akira,秋良,,
Akiba,秋葉,,
Akino,秋野,,
Akima,秋間,,
Hatano,秦野,,
Chichibu,秩父,,
Kineya,稀音家,,
Saisho,稅所,,
Hodotsuka,程塚,,
Shiino,稚野,,
Tanegashima,種子島,,
Taneichi,種市,,
Tanemura,種村,,
To,稻,,
Inamoto,稻元,,
Inauchi,稻內,,
Inayoshi,稻吉,,
Inagaki,稻垣,,
Inaba,稻場,,
Inayama,稻山,,
Inaoka,稻岡,,
Inamine,稻嶺,,
Inagawa,稻川,,
Inemoto,稻本,,
Inamori,稻森,,
Inahashi,稻橋,,
Inage,稻毛,,
Inazawa,稻澤,,
Inada,稻田,,
Inadome,稻留,,
Inaba,稻葉,,
Inami,稻見,,
Ineno,稻野,,
Hoida,穗井田,,
Hokari,穗刈,,
Hogawa,穗川,,
Hozumi,穗積,,
Hosaka,穗阪,,
Anai,穴井,,
Anahara,穴原,,
Anabuki,穴吹,,
Anaho,穴太,,
Anayama,穴山,,
Anazawa,穴澤,,
Anada,穴田,,
Anahobe,穴穗部,,
Kukoku,空谷,,
Kubo,窪,,
Kubodera,窪寺,,
Kubokawa,窪川,,
Kubota,窪田,,
Kubotani,窪谷,,
Tachi,立,,
Tachihara,立原,,
Tachikawa,立川,,
Tachiki,立木,,
Tatematsu,立松,,
Tatebayashi,立林,,
Tachisawa,立澤,,
Tatsuta,立田,,
Tateishi,立石,,
Tachibana,立花,,
Hatayama,端山,,
Takeshita,竹下,,
Takenaka,竹中,,
Takehisa,竹久,,
Takenoshita,竹之下,,
Takenouchi,竹之內,,
Takenoya,竹之谷,,
Takei,竹井,,
Takemata,竹俁,,
Takemoto,竹元,,
Takeiri,竹入,,
Takemae,竹前,,
Takehara,竹原,,
Taketomo,竹友,,
Takeguchi,竹口,,
Takegaki,竹垣,,
Takeo,竹尾,,
Takeyama,竹山,,
Takeoka,竹岡,,
Takeshima,竹島,,
Takekawa,竹川,,
Takeichi,竹市,,
Takehira,竹平,,
Takemasa,竹政,,
Takemoto,竹本,,
Takemura,竹村,,
Takebayashi,竹林,,
Takeshiba,竹柴,,
Takemori,竹森,,
Takenaga,竹永,,
Takezoe,竹添,,
Takemitsu,竹滿,,
Takezawa,竹澤,,
Takeda,竹田,,
Takeishi,竹石,,
Takekoshi,竹腰,,
Takehana,竹花,,
Takemi,竹見,,
Takebe,竹部,,
Takeno,竹野,,
Takehana,竹鼻,,
Oikawa,笈川,,
Oida,笈田,,
Usui,笛吹,,
Fueki,笛木,,
Fueta,笛田,,
Kasa,笠,,
Kasai,笠 井,,
Kasakura,笠倉,,
Kasaoka,笠岡,,
Kasajima,笠島,,
Kasaki,笠木,,
Kasamatsu,笠松,,
Kasamori,笠森,,
Kasano,笠野,,
Kasama,笠間,,
Sasa,笹,,
Sasai,笹井,,
Sasakura,笹倉,,
Sasahara,笹原,,
Sasago,笹子,,
Sasao,笹尾,,
Sasayama,笹山,,
Sasaoka,笹岡,,
Sasajima,笹島,,
Sasazaki,笹崎,,
Sasagawa,笹川,,
Sasaki,笹木,,
Sasamoto,笹本,,
Sasamura,笹村,,
Sasamori,笹森,,
Sasanuma,笹沼,,
Sasazawa,笹澤,,
Sasai,笹生,,
Sasada,笹田,,
Sasame,笹目,,
Sasabe,笹部,,
Sasano,笹野,,
Sasama,笹間,,
Todoroki,等等力,,
Chikui,筑井,,
Kanno,管野,,
Hakomori,箱守,,
Hakosaki,箱崎,,
Hashi,箸,,
Tsukiji,築地,,
Chikushi,築紫,,
Shinonoi,篠井,,
Shinohara,篠原,,
Shinozuka,篠塚,,
Shinomiya,篠宮,,
Shinoyama,篠山,,
Shinoshima,篠島,,
Shinozaki,篠崎,,
Shinoki,篠木,,
Shinomoto,篠本,,
Shinozawa,篠澤,,
Shinoda,篠田,,
Yabu,籔,,
Yabunaka,籔中,,
Yabuuchi,籔內,,
Yabumoto,籔本,,
Yabuta,籔田,,
Kagomiya,籠宮,,
Kagoshima,籠島,,
Kagomoto,籠本,,
Kagotani,籠谷,,
Yonemoto,米元,,
Yonai,米內,,
Yonaiyama,米內山,,
Yonago,米子,,
Yonemochi,米持,,
Yonekubo,米窪,,
Mera,米良,,
Komehana,米花,,
Komeno,米野,,
Kasukawa,粕川,,
Kasuya,粕谷,,
Kabasawa,糀澤,,
Nugaya,糠谷,,
Itoi,系井,,
Itoya,系屋,,
Itoyama,系山,,
Itokawa,系川,,
Itokazu,系數,,
Itoga,系賀,,
Kino,紀,,
Kimoto,紀本,,
Kida,紀田,,
Kurebayashi,紅林,,
Beniya,紅谷,,
Naya,納屋,,
Nosho,納所,,
Murasaki,紫,,
Shito,紫藤,,
Hosoi,細井,,
Hosohara,細原,,
Hosojima,細島,,
Hosokawa,細川,,
Hosomura,細村,,
Hosonuma,細沼,,
Hosobuchi,細淵,,
Hosoya,細矢,,
Hosomi,細見,,
Hosogai,細貝,,
Hososako,細迫,,
Hosono,細野,,
Kondo,紺藤,,
Konno,紺野,,
Yuki,結城,,
Kinuyama,絹山,,
Kinukawa,絹川,,
Midorikawa,綠川,,
Tsunakawa,綱川,,
Aminaka,網中,,
Amikura,網倉,,
Amiya,網屋,,
Amishima,網島,,
Amimoto,網本,,
Amino,網野,,
Aya,綾,,
Ayani,綾仁,,
Ayakawa,綾川,,
Ayata,綾田,,
Ayabe,綾部,,
Ayano,綾野,,
Watabiki,綿引,,
Watanuki,綿貫,,
Agata,縣,,
Agatainukai,縣犬養,,
Agemaki,總角,,
Shigeta,繁田,,
Orihara,織原,,
Orito,織戶,,
Ogata,織方,,
Orimoto,織本,,
Orimo,織茂,,
Oribe,織部,,
Nawata,繩田,,
Okita,置田,,
Mino,美努,,
Midoro,美土路,,
Miyama,美山,,
Mino,美濃,,
Minobe,美濃部,,
Mikamo,美甘,,
Mima,美馬,,
Gido,義堂,,
Yoshimoto,義本,,
Yoshizawa,義澤,,
Hani,羽仁,,
Hakura,羽倉,,
Haba,羽場,,
Habuto,羽太,,
Hanekawa,羽川,,
Hanari,羽成,,
Hashiba,羽柴,,
Haguri,羽栗,,
Haneda,羽根田,,
Haketa,羽毛田,,
Habuchi,羽淵,,
Hazawa,羽澤,,
Haniuta,羽生田,,
Hama,羽間,,
Hatori,羽鳥,,
Okina,翁,,
Midorikawa,翠川,,
Oikawa,老川,,
Oinuma,老沼,,
Oita,老田,,
Ko,耕,,
Kikunami,聽濤,,
Kimotsuki,肝付,,
Koizuka,肥塚,,
Higo,肥後,,
Koenuma,肥沼,,
Hidano,肥田野,,
Nose,能勢,,
Noshiro,能城,,
Nojima,能島,,
Noto,能登,,
Nomi,能見,,
Waki,脇,,
Wakiya,脇屋,,
Wakimoto,脇本,,
Wakimura,脇村,,
Wakita,脇田,,
Wakino,脇野,,
Koshitsuka,腰塚,,
Koshigoe,腰越,,
Zen,膳,,
Gaun,臥雲,,
Usui,臼井,,
Usukura,臼倉,,
Usui,臼居,,
Usuki,臼杵,,
Usuda,臼田,,
Yogi,與儀,,
Yoda,與田,,
Yosa,與謝,,
Yosano,與謝野,,
Yonamine,與那嶺,,
Masuda,舛田,,
Maide,舞出,,
Funayama,舟山,,
Funaki,舟木,,
Funatsu,舟津,,
Funakoshi,舟越,,
Funai,船井,,
Funayama,船山,,
Funaoka,船岡,,
Funazaki,船崎,,
Funagawa,船川,,
Funabiki,船引,,
Funado,船戶,,
Funabiki,船曳,,
Funaki,船木,,
Funamoto,船本,,
Funabashi,船橋,,
Funamizu,船水,,
Funada,船田,,
Funami,船見,,
Funakoshi,船越,,
Funasaka,船阪,,
Yoshimoto,良元,,
Yoshihara,良原,,
Yoshikawa,良川,,
Irokawa,色川,,
Shiba,芝,,
Shibahara,芝原,,
Shibachi,芝地,,
Shibayama,芝山,,
Shibazaki,芝崎,,
Shibaki,芝木,,
Shibamoto,芝本,,
Shibaike,芝池,,
Shibata,芝田,,
Shibatani,芝谷,,
Shibano,芝野,,
Keshi,芥子,,
Akutagawa,芥川,,
Hana,花,,
Hanai,花井,,
Hanahara,花原,,
Hanazono,花園,,
Hanashiro,花城,,
Hanatsuka,花塚,,
Hanayama,花山,,
Kazanin,花山院,,
Hanaoka,花岡,,
Hanashima,花島,,
Hanasaki,花崎,,
Hanakawa,花川,,
Hanagata,花形,,
Hanabusa,花房,,
Hanaki,花木,,
Hanamoto,花本,,
Hanamura,花村,,
Hanayagi,花柳,,
Hanazawa,花澤,,
Hanada,花田,,
Hanabishi,花菱,,
Hanami,花見,,
Hanawa,花輪,,
Hanazato,花里,,
Hanano,花野,,
Hanaka,花香,,
Yoshii,芳井,,
Yoshikawa,芳川,,
Yoshimoto,芳本,,
Yoshimura,芳村,,
Yoshizawa,芳澤,,
Yoshida,芳田,,
Yoshino,芳野,,
Serikawa,芹川,,
Serizawa,芹澤,,
Serita,芹田,,
Karita,苅田,,
Kariya,苅谷,,
Karibe,苅部,,
Naemura,苗村,,
Irahara,苛原,,
Wakai,若井,,
Wakazono,若園,,
Wakamiya,若宮,,
Wakao,若尾,,
Wakayama,若山,,
Wakashima,若島,,
Wakasaki,若崎,,
Wakatsuki,若月,,
Wakaki,若木,,
Wakamoto,若本,,
Wakasugi,若杉,,
Wakamatsu,若松,,
Wakabayashi,若林,,
Wakauma,若梅,,
Wakasakurabe,若櫻部,,
Wakae,若江,,
Wakaizumi,若泉,,
Wakasa,若狹,,
Wakata,若田,,
Wakatake,若竹,,
Wakatsuki,若築,,
Wakana,若菜,,
Wakano,若野,,
Wakama,若間,,
Tomabechi,苫米地,,
Hanabusa,英,,
Hidenori,英冠,,
Moteki,茂出木,,
Moro,茂呂,,
Mozai,茂在,,
Shigeyama,茂山,,
Motegi,茂手木,,
Shigeta,茂田,,
Shigeno,茂野,,
Kayahara,茅原,,
Chaki,茶木,,
Kusakari,草刈,,
Kusaba,草場,,
Kusajima,草島,,
Kusakawa,草川,,
Kusayanagi,草柳,,
Kusamori,草森,,
Kusafuka,草深,,
Kusaba,草葉,,
Kusanagi,草薙,,
Kusano,草野,,
Kusakai,草開,,
Kusama,草間,,
Ebara,荏原,,
Ara,荒,,
Arai,荒井,,
Arakatsu,荒勝,,
Aramaki,荒卷,,
Arao,荒尾,,
Arai,荒居,,
Arayama,荒山,,
Arashima,荒島,,
Arakawa,荒川,,
Arahori,荒掘,,
Araki,荒木,,
Arakida,荒木田,,
Aramoto,荒本,,
Arasawa,荒澤,,
Arase,荒瀨,,
Aramaki,荒牧,,
Aratame,荒田目,,
Arano,荒野,,
Aragane,荒金,,
Kada,荷田,,
Hasumi,荷見,,
Ogi,荻,,
Ogiyama,荻山,,
Ogishima,荻島,,
Ogimura,荻村,,
Ogie,荻江,,
Ogyu,荻生,,
Ogita,荻田,,
Ogino,荻野,,
Ogisaka,荻阪,,
Shobara,莊原,,
Shoji,莊司,,
Shoji,莊子,,
Shoda,莊田,,
Sugamata,菅又,,
Kanke,菅家,,
Sugamoto,菅本,,
Sugane,菅根,,
Sugae,菅江,,
Sugama,菅間,,
Kikui,菊井,,
Kikuiri,菊入,,
Kikuhara,菊原,,
Kikuchi,菊地,,
Kikuyama,菊山,,
Kikuoka,菊岡,,
Kikushima,菊島,,
Kikukawa,菊川,,
Kikumoto,菊本,,
Kikuzawa,菊澤,,
Kikuta,菊田,,
Kikutake,菊竹,,
Kikuno,菊野,,
Kikuma,菊間,,
Kikutaka,菊高,,
Ebirada,菔田,,
Shobu,菖浦,,
Uji,菟道,,
Hanaoka,華岡,,
Komoike,菰池,,
Komobuchi,菰淵,,
Komota,菰田,,
Hishii,菱井,,
Hishiyama,菱山,,
Hishikawa,菱川,,
Hishiki,菱木,,
Hishinuma,菱沼,,
Hishida,菱田,,
Hishino,菱野,,
Mitsukuri,萁作,,
Minoura,萁浦,,
Minoda,萁田,,
Minowa,萁輪,,
Hagi,萩,,
Hagikura,萩倉,,
Hagimoto,萩元,,
Hagimoto,萩本,,
Hagyuuta,萩生田,,
Hagita,萩田,,
Hagino,萩野,,
Haginoya,萩野谷,,
Yorozu,萬,,
Yorozuyo,萬代,,
Yorozuda,萬田,,
Kayaba,萱場,,
Kayanuma,萱沼,,
Kayano,萱野,,
Ochiai,落合,,
Hamuro,葉室,,
Hayama,葉山,,
Hanashi,葉梨,,
Fujii,葛井,,
Katsuragi,葛城,,
Katsurayama,葛山,,
Kuzuoka,葛岡,,
Katsushima,葛島,,
Kuzumoto,葛本,,
Kuzuo,葛生,,
Kasai,葛西,,
Katsushika,葛飾,,
Makita,蒔田,,
Nozokido,蒞戶,,
Kaba,蒲,,
Kabahara,蒲原,,
Gamoike,蒲地,,
Gamo,蒲生,,
Minoshima,蓑島,,
Minoda,蓑田,,
Minowa,蓑輪,,
Haijima,蓜島,,
Yomogida,蓬田,,
Hasui,蓮井,,
Hasuike,蓮池,,
Hasunuma,蓮沼,,
Hasuda,蓮田,,
Hasumi,蓮見,,
Tadenuma,蓼沼,,
Tsuta,蔦,,
Tsutaya,蔦屋,,
Kageyama,蔭山,,
Usu,薄,,
Usui,薄井,,
Usuha,薄葉,,
Komota,薦田,,
Satta,薩埵,,
Satsuma,薩摩,,
Aihara,藍原,,
Aizawa,藍澤,,
Kura,藏,,
Kurauchi,藏內,,
Kurahara,藏原,,
Kurakata,藏方,,
Kuramoto,藏本,,
Kurata,藏田,,
Kurano,藏野,,
Fujishita,藤下,,
Fujinaka,藤中,,
Fujimaru,藤丸,,
Fujii,藤井,,
Fujishiro,藤代,,
Fujikura,藤倉,,
Fujimoto,藤元,,
Fujiuchi,藤內,,
Fujimaki,藤卷,,
Fujiyoshi,藤吉,,
Fujitsuka,藤塚,,
Fujio,藤尾,,
Fujii,藤居,,
Fujiya,藤屋,,
Fujiyama,藤山,,
Fujioka,藤岡,,
Fujishima,藤島,,
Fujikawa,藤川,,
Fujito,藤戶,,
Fujikake,藤掛,,
Fujimoto,藤本,,
Fujimura,藤村,,
Fujimatsu,藤松,,
Fujibayashi,藤林,,
Fujieda,藤枝,,
Fujine,藤根,,
Fujimori,藤森,,
Fujihashi,藤橋,,
Fujinaga,藤永,,
Fujie,藤江,,
Fujinuma,藤沼,,
Fujinami,藤波,,
Fujiura,藤浦,,
Fujinami,藤浪,,
Fujisawa,藤澤,,
Fujise,藤瀨,,
Fujimaki,藤牧,,
Fujita,藤田,,
Fujimori,藤盛,,
Fujinawa,藤繩,,
Fujikage,藤蔭,,
Fujimi,藤見,,
Fujii,藤豬,,
Fujishige,藤重,,
Fujisaka,藤阪,,
Fujitaka,藤高,,
Yakushiji,藥師寺,,
Yabu,藪,,
Yabushita,藪下,,
Yabunaka,藪中,,
Yabuuchi,藪內,,
Yabusaki,藪崎,,
Yabumoto,藪本,,
Yabuta,藪田,,
Yabuno,藪野,,
Ito,藺藤,,
Ashi,蘆,,
Ashihara,蘆原,,
Ashina,蘆名,,
Ashikawa,蘆川,,
Ashizawa,蘆澤,,
Ashida,蘆田,,
Ashino,蘆野,,
Ahinoya,蘆野屋,,
Soga,蘇我,,
Torasawa,虎澤,,
Ebihara,蛭原,,
Ebiko,蛭子,,
Hirukawa,蛭川,,
Hiruta,蛭田,,
Hiruma,蛭間,,
Ebihara,蛯原,,
Tako,蛸,,
Hachiya,蜂屋,,
Hachisu,蜂巢,,
Hachisuka,蜂須賀,,
Ebihara,蝦原,,
Ebina,蝦名,,
Kani,蟹,,
Kanie,蟹江,,
Kanisawa,蟹澤,,
Arikawa,蟻川,,
Royama,蠟山,,
Kakizaki,蠣崎,,
Yukitomo,行友,,
Namekawa,行川,,
Kyotoku,行德,,
Yukimasa,行政,,
Yukimatsu,行松,,
Gyota,行田,,
Gyosha,行者,,
Eto,衛藤,,
Kinugasa,衣笠,,
Omote,表,,
Sodei,袖井,,
Sodeyama,袖山,,
Uramatsu,裏松,,
Urano,裏野,,
Hakamada,褲田,,
Nishi,西,,
Nishishita,西下,,
Nishizeko,西世古,,
Nishinaka,西中,,
Nishikubo,西久保,,
Nishii,西井,,
Nishimoto,西元,,
Saiko,西光,,
Nishiiri,西入,,
Nishiuchi,西內,,
Nishide,西出,,
Nishimae,西前,,
Nishimaki,西卷,,
Nishiguchi,西口,,
Nishizono,西園,,
Saionji,西園寺,,
Nishigaki,西垣,,
Nishishiro,西城,,
Nishibori,西堀,,
Nishizuka,西塚,,
Nishio,西尾,,
Nishiyama,西山,,
Nishioka,西岡,,
Nishijima,西島,,
Nishizaki,西崎,,
Nishihira,西平,,
Nishikata,西形,,
Nishikata,西方,,
Nishiki,西木,,
Nishimoto,西本,,
Nishimura,西村,,
Saito,西東,,
Nishimatsu,西松,,
Nishibayashi,西林,,
Saijo,西條,,
Nishimori,西森,,
Nishihashi,西橋,,
Nishie,西江,,
Nishiike,西池,,
Nishiura,西浦,,
Nishikata,西潟,,
Saikan,西澗,,
Nishihama,西濱,,
Nishikata,西片,,
Nishimaki,西牧,,
Nishida,西田,,
Nishibata,西畑,,
Nishikubo,西窪,,
Nishihata,西端,,
Nishiwaki,西脅,,
Nishitsunoi,西角井,,
Nishigai,西貝,,
Nishimura,西邑,,
Nishigori,西郡,,
Niishibe,西部,,
Saigo,西鄉,,
Nishino,西野,,
Nishime,西銘,,
Nishikado,西門,,
Nishidate,西館,,
Mikami,見上,,
Mihara,見原,,
Miyama,見山,,
Misaki,見崎,,
Miichi,見市,,
Misawa,見澤,,
Mita,見田,,
Midome,見留,,
Kenmoku,見目,,
Mikome,見米,,
Oyazaki,親崎,,
Kakubari,覺張,,
Sumiyama,角山,,
Sumimoto,角本,,
Sudo,角藤,,
Keira,計良,,
Takuma,詫間,,
Tsuki,調,,
Chosho,調所,,
Ukekawa,請川,,
Susa,諏佐,,
Suwa,諏訪,,
Suwabe,諏訪部,,
Isayama,諫山,,
Moro,諸,,
Moroi,諸井,,
Moroguchi,諸口,,
Morooka,諸岡,,
Moroto,諸戶,,
Moroboshi,諸星,,
Morohashi,諸橋,,
Morosawa,諸澤,,
Morota,諸田,,
Morokuzu,諸葛,,
Jana,謝名,,
Jahana,謝花,,
Shikina,識名,,
Sanuki,讚岐,,
Tani,谷,,
Tanii,谷井,,
Yanaida,谷內田,,
Yakou,谷古宇,,
Taniai,谷合,,
Yachi,谷地,,
Tanigaki,谷垣,,
Tanioku,谷奧,,
Tanio,谷尾,,
Taniyama,谷山,,
Tanioka,谷岡,,
Tanizaki,谷崎,,
Yato,谷戶,,
Tanimoto,谷本,,
Taniike,谷池,,
Taniji,谷治,,
Taniura,谷浦,,
Yatagawa,谷田川,,
Yatagai,谷田貝,,
Yatabe,谷田部,,
Tanihata,谷端,,
Tanito,谷籐,,
Taniwaki,谷脅,,
Yakai,谷貝,,
Tanikaze,谷風,,
Toyozumi,豐住,,
Toyohara,豐原,,
Toyomasu,豐增,,
Toyooka,豐岡,,
Toyosaki,豐崎,,
Toyokawa,豐川,,
Toyomura,豐村,,
Toyonaga,豐永,,
Toyoizumi,豐泉,,
Toyoda,豐田,,
Toyodome,豐留,,
Toyofuku,豐福,,
Toyotake,豐竹,,
Toyomi,豐美,,
Toyotomi,豐臣,,
Bundo,豐道,,
Toyosato,豐里,,
Toyoshina,豐階,,
Inomata,豬俁,,
Inomata,豬又,,
Iguchi,豬口,,
Inabe,豬名部,,
Io,豬尾,,
Iyama,豬山,,
Inoki,豬木,,
Inose,豬瀨,,
Izume,豬爪,,
Ikari,豬狩,,
Ida,豬田,,
Inomata,豬股,,
Ito,豬藤,,
Igaya,豬谷,,
Ino,豬野,,
Ikai,豬飼,,
Ihana,豬鼻,,
Kaizuka,貝塚,,
Kaijima,貝島,,
Kaimoto,貝本,,
Kainuma,貝沼,,
Kaise,貝瀨,,
Kaita,貝田,,
Kaitani,貝谷,,
Kaino,貝野,,
Sadakata,貞方,,
Nukui,貫井,,
Nukina,貫名,,
Kishi,貴司,,
Kishima,貴島,,
Kishi,貴志,,
Kaku,賀來,,
Kaya,賀屋,,
Kashima,賀島,,
Kagawa,賀川,,
Kata,賀田,,
Kamo,賀茂,,
Kato,賀藤,,
Kaya,賀陽,,
Kashu,賀集,,
Rai,賴,,
Tanomogi,賴母木,,
Nie,贄,,
Akai,赤井,,
Akahito,赤人,,
Akaoka,赤兀,,
Akamoto,赤元,,
Akashi,赤司,,
Akagaki,赤垣,,
Akabori,赤堀,,
Akatsuka,赤塚,,
Akakabe,赤壁,,
Akao,赤尾,,
Akayama,赤山,,
Akaoka,赤岡,,
Akaiwa,赤岩,,
Akamine,赤嶺,,
Akagawa,赤川,,
Akahira,赤平,,
Akamatsu,赤松,,
Akazome,赤染,,
Akane,赤根,,
Akaso,赤楚,,
Akaike,赤池,,
Akanuma,赤沼,,
Akatsu,赤津,,
Akazawa,赤澤,,
Akase,赤瀨,,
Akaishi,赤石,,
Akaho,赤穗,,
Akabane,赤羽,,
Akahane,赤羽根,,
Akaogi,赤荻,,
Akama,赤間,,
Akasaka,赤阪,,
Akasu,赤須,,
Koshi,越,,
Echizen,越前,,
Koshizuka,越塚,,
Koshiyama,越山,,
Echigo,越後,,
Ogonuki,越後貫,,
Ochi,越智,,
Koshimura,越村,,
Koshimizu,越水,,
Koshiji,越路,,
Koshibe,越部,,
Koshino,越野,,
Ajiro,足代,,
Ashikaga,足利,,
Asuke,足助,,
Ashikawa,足川,,
Asuwa,足羽,,
Adachi,足達,,
Ashika,足鹿,,
Atomi,跡見,,
Atobe,跡部,,
Kuruma,車,,
Kurumada,車田,,
Kurumatani,車谷,,
Gunji,軍司,,
Kenjo,軒上,,
Karube,輕部,,
Karume,輕馬,,
Teruyama,輝山,,
Wajima,輪島,,
Koshimizu,輿水,,
Koshiishi,輿石,,
Todoroki,轟,,
Kutsuwada,轡田,,
Karashima,辛島,,
Tatsukuchi,辰口,,
Tatsuoka,辰岡,,
Tatsumi,辰已,,
Tatsumatsu,辰松,,
Tatsuno,辰野,,
Mukai,迎,,
Kon,近,,
Konnai,近內,,
Chikayama,近山,,
Chikaoka,近岡,,
Chikamatsu,近松,,
Chikamori,近森,,
Oumi,近江,,
Chikazawa,近澤,,
Kondo,近藤,,
Konoe,近衛,,
Kato,迦統,,
Sakomizu,迫水,,
Oiwake,追分,,
Oikawa,追川,,
Aizawa,逢澤,,
Osaka,逢阪,,
Muraji,連,,
Shin,進,,
Suzuki,進來,,
Shinji,進士,,
Shindo,進藤,,
Yusa,遊佐,,
Michigami,道上,,
Michishita,道下,,
Michinaka,道中,,
Michiyama,道山,,
Donen,道念,,
Michimoto,道本,,
Dosho,道正,,
Michihata,道端,,
Michibe,道部,,
Domen,道面,,
Dogan,道願,,
Tatsukawa,達川,,
Iboshi,違星,,
Toi,遠井,,
Onchi,遠地,,
Toyama,遠山,,
Tomine,遠峰,,
Totake,遠武,,
Toya,遠矢,,
Endo,遠藤,,
Chizuka,遲塚,,
Henmi,邊見,,
Naka,那珂,,
Nasu,那須,,
Nasuno,那須野,,
Kunieda,邦枝,,
Kuninaga,邦良,,
Kori,郡,,
Koriyama,郡山,,
Miyako,都,,
Tomaru,都丸,,
Tokura,都倉,,
Tsuji,都治,,
Toko,都甲,,
Tsuru,都留,,
Tsuzuki,都筑,,
Tsuzuki,都築,,
Go,鄉,,
Gohara,鄉原,,
Goshi,鄉司,,
Gota,鄉田,,
Goma,鄉間,,
Sakai,酒井,,
Sakaida,酒井田,,
Sakamaki,酒卷,,
Sakayori,酒寄,,
Sakamoto,酒本,,
Sakaizumi,酒泉,,
Daigo,醍醐,,
Uneme,采女,,
Sato,里,,
Satonaka,里中,,
Satoi,里井,,
Satoyoshi,里吉,,
Satokawa,里川,,
Satomura,里村,,
Satomi,里見,,
Shigehisa,重久,,
Shigenobu,重信,,
Shigemitsu,重光,,
Shigehara,重原,,
Shigemune,重宗,,
Shigetomi,重富,,
Shigeyama,重山,,
Shigeoka,重岡,,
Shigemasa,重政,,
Shigemoto,重本,,
Shigemura,重村,,
Shigematsu,重松,,
Shigeeda,重枝,,
Shigemori,重森,,
Shigeta,重田,,
Shigemori,重盛,,
Shigezato,重里,,
Shigeno,重野,,
Nogami,野上,,
Noshita,野下,,
Nonaka,野中,,
Nomoto,野元,,
Nouchi,野內,,
Nozoe,野副,,
Nohara,野原,,
Noguchi,野口,,
Noro,野呂,,
Norose,野呂瀨,,
Nochi,野地,,
Noshiro,野城,,
Nodera,野寺,,
Nojiri,野尻,,
Noyama,野山,,
Nojima,野島,,
Nozaki,野崎,,
Nogawa,野川,,
Nohira,野平,,
Node,野手,,
Nogi,野木,,
Nozue,野末,,
Nomoto,野本,,
Nomura,野村,,
Nomizu,野水,,
Nozoe,野添,,
Nomizo,野溝,,
Nozawa,野澤,,
Nose,野瀨,,
Noda,野田,,
Nobata,野畑,,
Nohagi,野荻,,
Nomiyama,野見山,,
Nobe,野邊,,
Nobechi,野邊地,,
Nobe,野部,,
Nonoshita,野野下,,
Nonoguchi,野野口,,
Nonogaki,野野垣,,
Nonoyama,野野山,,
Nonomura,野野村,,
Noma,野間,,
Nomaguchi,野間口,,
Kon,金,,
Kanakubo,金久保,,
Kanai,金井,,
Kaneuri,金亮,,
Kanakura,金倉,,
Kanemoto,金元,,
Kaneuchi,金內,,
Kanezashi,金刺,,
Kanemaki,金卷,,
Kanetsuka,金塚,,
Kaneko,金子,,
Kaneyasu,金安,,
Kanemiya,金宮,,
Kanaya,金家,,
Kaneo,金尾,,
Kanayama,金山,,
Kanaoka,金岡,,
Kanashima,金島,,
Kanehira,金平,,
Kanemochi,金持,,
Kanesashi,金指,,
Konbaru,金春,,
Kaneki,金木,,
Kanamoto,金本,,
Kanasugi,金杉,,
Kanamura,金村,,
Kanaguri,金栗,,
Kanemasa,金正,,
Kimu,金武,,
Kaneizumi,金泉,,
Kanazu,金津,,
Kanaumi,金海,,
Kanase,金瀨,,
Kingyo,金玉,,
Kindaichi,金田一,,
Konjin,金神,,
Kanetsuna,金綱,,
Kanawa,金輪,,
Kaneno,金野,,
Kanaseki,金關,,
Kanasaka,金阪,,
Kanetaka,金高,,
Kamai,釜井,,
Kamata,釜田,,
Kamatani,釜谷,,
Haryuu,針生,,
Kushiro,釧,,
Suzu,鈴,,
Suzui,鈴井,,
Suzukiri,鈴切,,
Suzuki,鈴城,,
Suzukawa,鈴川,,
Suzuki,鈴木,,
Suzumura,鈴村,,
Suzuki,鈴杵,,
Suzuki,鈴樹,,
Suzue,鈴江,,
Suzuta,鈴田,,
Suzuki,鈴紀,,
Suzuki,鈴置,,
Suzuki,鈴記,,
Suzuka,鈴鹿,,
Sukie,鋤柄,,
Nishiki,錦,,
Nishigori,錦織,,
Suzuki,錫木,,
Nabe,鍋,,
Nabei,鍋井,,
Nabeyama,鍋山,,
Nabeshima,鍋島,,
Nabeta,鍋田,,
kaji,鍛治,,
Kagiyama,鍵山,,
Kagimoto,鍵本,,
Kagita,鍵田,,
Kamakura,鎌倉,,
Kamagata,鎌形,,
Kamataki,鎌瀧,,
Kamakari,鎌苅,,
Kamano,鎌野,,
Yarita,鎗田,,
Shizume,鎮目,,
Kagami,鏡,,
Abumiya,鐙家,,
Suzuki,鐸木,,
Itani,鑄谷,,
Nagakubo,長久保,,
Nagai,長井,,
Nagakura,長倉,,
Osanai,長內,,
Nagahara,長原,,
Nagatomo,長友,,
Nagahori,長堀,,
Nagatsuka,長塚,,
Nagatsuma,長妻,,
Nagayasu,長安,,
Chosokabe,長宗我部,,
Nagao,長尾,,
Nagaya,長屋,,
Nagayama,長山,,
Nagaoka,長岡,,
Nagamine,長峰,,
Nagashima,長島,,
Nagasaki,長崎,,
Nagamine,長嶺,,
Nagahiro,長廣,,
Chosokabe,長曾我部,,
Nagasone,長曾禰,,
Nagamatsu,長松,,
Nagamori,長森,,
Nagahashi,長橋,,
Nagae,長江,,
Naganuma,長沼,,
Nagatsu,長津,,
Nagasawa,長澤,,
Nagahama,長濱,,
Nagase,長瀨,,
Nagamachi,長町,,
Nagahata,長畑 ,,
Nagatake,長竹,,
Naganawa,長繩,,
Nagayo,長與,,
Nagara,長良,,
Haseba,長谷場,,
Haseyama,長谷山,,
Hasegawa,長谷川,,
Haseda,長谷田,,
Hasemi,長谷見,,
Hasebe,長谷部,,
Nagato,長門,,
Nagasaka,長阪,,
Kado,門,,
Toga,門叶,,
Kadooka,門岡,,
Kadokawa,門川,,
Kadowaki,門脅,,
Hiraki,開,,
Kaita,開田,,
Kaiko,開高,,
Manaka,間中,,
Mamiya,間宮,,
Majima,間島,,
Mazaki,間崎,,
Maniwa,間庭,,
Mase,間瀨,,
Mano,間野,,
Mamata,間間田,,
Seki,關,,
Sekigami,關上,,
Sekii,關井,,
Sekiuchi,關內,,
Sekihara,關原,,
Sekiguchi,關口,,
Sekizuka,關塚,,
Sekiya,關屋,,
Sekioka,關岡,,
Sekishima,關島,,
Sekizaki,關崎,,
Sekikawa,關川,,
Sekimoto,關本,,
Sekimura,關村,,
Sekine,關根,,
Sekimizu,關水,,
Sekizawa,關澤,,
Sekita,關田,,
Sekime,關目,,
Sekiya,關矢,,
Sekino,關野,,
Sakashita,阪下,,
Sakanaka,阪中,,
Sakai,阪井,,
Sakakura,阪倉,,
Sakamoto,阪元,,
Sakairi,阪入,,
Sakamaki,阪卷,,
Sakahara,阪原,,
Sakaguchi,阪口,,
Sakaibe,阪合部,,
Sakaba,阪場,,
Sakayori,阪寄,,
Sakayama,阪山,,
Sakazaki,阪崎,,
Sakagawa,阪川,,
Sakahira,阪平,,
Sakaniwa,阪庭,,
Sakato,阪戶,,
Sakaki,阪木,,
Sakamoto,阪本,,
Sakamura,阪村,,
Sakane,阪根,,
Sakazume,阪爪,,
Sakamaki,阪牧,,
Sakata,阪田,,
Sakazume,阪詰,,
Sakatani,阪谷,,
Sakabe,阪部,,
Sakama,阪間,,
Akutagawa,阿久刀川,,
Akune,阿久根,,
Akutsu,阿久津,,
Akuzawa,阿久澤,,
Ai,阿井,,
Asa,阿佐,,
Asaino,阿佐井野,,
Asami,阿佐美,,
Abo,阿保,,
Abe,阿倍,,
Agune,阿具根,,
Adegawa,阿出川,,
Anami,阿南,,
Azumi,阿曇,,
Aso,阿曾,,
Aki,阿木,,
Anno,阿武,,
Abiru,阿比留,,
Ako,阿江,,
Awa,阿波,,
Awano,阿波野,,
Ayuba,阿由葉,,
Aso,阿相,,
Acha,阿茶,,
Ato,阿藤,,
Aso,阿蘇,,
Adachi,阿達,,
Abe,阿部,,
Ano,阿野,,
Furihata,降旗,,
Furuya,降矢,,
Yokemura,除村,,
Kageyama,陰山,,
Sue,陶,,
Kuga,陸,,
Mutsu,陸奧,,
Minami,陽,,
Yokawa,陽川,,
Sumitani,隅谷,,
Sumino,隅野,,
Kumamoto,隈元,,
Kumagawa,隈川,,
Kumabe,隈部,,
Zuisen,隨川,,
Zuicho,隨朝,,
Ondori,雄,,
Kijimoto,雉本,,
Saika,雜賀,,
Nanba,難波,,
Kumoi,雲井,,
Ungo,雲居,,
Unkoku,雲谷,,
Unryu,雲龍,,
Kaminari,雷,,
Raiden,雷電,,
Shimoyama,霜山,,
Shimojima,霜島,,
Shimomura,霜村,,
Shimota,霜田,,
Shimokoshi,霜越,,
Shimotori,霜鳥,,
Tsuyu,露,,
Tsuyuguchi,露口,,
Tsuyuzaki,露崎,,
Tsuyuki,露木,,
Aoi,青井,,
Aochi,青地,,
Aoshima,青島,,
Aoki,青木,,
Aogaki,青柿,,
Aoike,青池,,
Aonuma,青沼,,
Seikai,青海,,
Aoha,青葉,,
Aomame,青豆,,
Aogai,青貝,,
Aono,青野,,
Shizuka,靜,,
Shizuma,靜間,,
Omokawa,面川,,
Kurakake,鞍懸,,
Mariko,鞠子,,
Nirasawa,韮澤,,
Otoda,音田,,
Otono,音野,,
Susa,須佐,,
Susami,須佐美,,
Suka,須加,,
Suhara,須原,,
Sugo,須合,,
Suyama,須山,,
Sugawa,須川,,
Sunaga,須永,,
Suzawa,須澤,,
Suda,須田,,
Suma,須磨,,
Sudo,須藤,,
Sugai,須貝,,
Suga,須賀,,
Sukama,須釜,,
Sunaga,須長,,
Suzuki,須須木,,
Suguro,須黑,,
Tonsho,頓所,,
Ryoki,領木,,
Toyama,頭山,,
Zumoto,頭本,,
Nukaga,額賀,,
Kazamaki,風卷,,
Kazeto,風戶,,
Kazahaya,風早,,
Kazamatsuri,風祭,,
Kazami,風見,,
Kazama,風間,,
Hirai,飛來,,
Tobishima,飛島,,
Tobisawa,飛澤,,
Asuka,飛鳥,,
Asukai,飛鳥井,,
Asukata,飛鳥田,,
Asukabe,飛鳥部,,
Ii,飯,,
Iikura,飯倉,,
Iizuka,飯塚,,
Iimuro,飯室,,
Iiyama,飯山,,
Iioka,飯岡,,
Iijima,飯島,,
Iikawa,飯川,,
Iimura,飯村,,
Iimori,飯森,,
Iinuma,飯沼,,
Iizawa,飯澤,,
Iihama,飯濱,,
Iida,飯田,,
Iizasa,飯笹,,
Iizasa,飯篠,,
Iino,飯野,,
Iisaka,飯阪,,
Iburi,飯降,,
Iitaka,飯高,,
Ame,飴,,
Mochi,餅,,
Yoda,養田,,
Tateyama,館山,,
Tateoka,館岡,,
Tatebayashi,館林,,
Tateno,館野,,
Aiba,饗場,,
Katori,香取,,
Kayama,香山,,
Kagawa,香川,,
Kato,香東,,
Kashii,香椎,,
Kosaka,香阪,,
Mogami,馬上,,
Umayahara,馬屋原,,
Mabashi,馬橋,,
Mabuchi,馬淵,,
Umada,馬田,,
Mame,馬目,,
Magoshi,馬越,,
Umano,馬野,,
Koma,駒,,
Komai,駒井,,
Komaba,駒場,,
Komamiya,駒宮,,
Komasaki,駒崎,,
Komagata,駒形,,
Komakine,駒木根,,
Komamura,駒村,,
Komazawa,駒澤,,
Komata,駒田,,
Komano,駒野,,
Suruga,駿河,,
Takashita,高下,,
Takamaru,高丸,,
Takai,高井,,
Takanaka,高仲,,
Takakura,高倉,,
Takauchi,高內,,
Takahara,高原,,
Takatori,高取,,
Takamuku,高向,,
Takashina,高品,,
Kochi,高地,,
Takagaki,高垣,,
Takahori,高堀,,
Takaba,高場,,
Takatsuka,高塚,,
Takashi,高士,,
Takayasu,高安,,
Takamiya,高宮,,
Takayose,高寄,,
Takadera,高寺,,
Takao,高尾,,
Takaya,高屋,,
Takaoka,高岡,,
Takaiwa,高岩,,
Takagishi,高岸,,
Takashima,高島,,
Takasaki,高崎,,
Takamine,高嶺,,
Takagawa,高川,,
Takashi,高師,,
Takashi,高志,,
Takagi,高木,,
Takamoto,高本,,
Takasugi,高杉,,
Takamura,高村,,
Takamatsu,高松,,
Takabayashi,高林,,
Takayanagi,高柳,,
Takane,高根,,
Takanezawa,高根澤,,
Takakuwa,高桑,,
Takanashi,高梨,,
Takamori,高森,,
Takakusu,高楠,,
Takahashi,高橋,,
Takahira,高比良,,
Takamizu,高水,,
Takanuma,高沼,,
Takanami,高波,,
Takaura,高浦,,
Takahama,高濱,,
Takase,高瀨,,
Takatama,高玉,,
Takadaya,高田屋,,
Takahata,高畑,,
Takachio,高知尾,,
Takaishi,高石,,
Takasago,高砂,,
Takasaki,高碕,,
Takamure,高群,,
Takahane,高羽,,
Takara,高良,,
Takakusaki,高草木,,
Takahagi,高荻,,
Takanishi,高西,,
Takami,高見,,
Takamizawa,高見澤,,
Takato,高遠,,
Takabe,高部,,
Takanoe,高野江,,
Takakado,高門,,
Takama,高間,,
Takashina,高階,,
Takagiwa,高際,,
Takao,高雄,,
Takasu,高須,,
Takasuga,高須賀,,
Takato,高頭,,
Takatori,高鳥,,
Takashio,高鹽,,
Koma,高麗,,
Onimaru,鬼丸,,
Kihara,鬼原,,
Onizuka,鬼塚,,
Onigawara,鬼瓦,,
Kito,鬼頭,,
Sakana,魚,,
Uoi,魚井,,
Uozumi,魚住,,
Uotsu,魚津,,
Uota,魚田,,
Ayukawa,鮎川,,
Ayuzawa,鮎澤,,
Koinuma,鯉沼,,
Koibuchi,鯉淵,,
Kujirai,鯨井,,
Kujiraoka,鯨岡,,
Torii,鳥井,,
Toritsuka,鳥塚,,
Torio,鳥尾,,
Torii,鳥居,,
Toriyama,鳥山,,
Torisawa,鳥澤,,
Toba,鳥羽,,
Hatoyama,鳩山,,
Hatogai,鳩貝,,
Hatono,鳩野,,
Otori,鳳,,
Narumiya,鳴宮,,
Narumi,鳴海,,
Naruse,鳴瀨,,
Tokita,鴇田,,
Kamo,鴨,,
Kamoshita,鴨下,,
Kamoi,鴨井,,
Shigihara,鴨原,,
Kamogawa,鴨川,,
Kamoshita,鴨志田,,
Otori,鴻,,
Konoike,鴻池,,
Ukawa,鵜川,,
Udono,鵜殿,,
Unuma,鵜沼,,
Uzawa,鵜澤,,
Uno,鵜野,,
Tsuru,鶴,,
Tsurumaki,鶴卷,,
Tsuruhara,鶴原,,
Tsuruzono,鶴園,,
Tsuruya,鶴屋,,
Tsuruoka,鶴岡,,
Tsurumine,鶴峰,,
Tsurusaki,鶴崎,,
Tsurukawa,鶴川,,
Tsuruta,鶴田,,
Tsurumi,鶴見,,
Tsuruga,鶴賀,,
Tsuruno,鶴野,,
Tsurukai,鶴飼,,
Tsurukame,鶴龜,,
Washio,鷲尾,,
Washiyama,鷲山,,
Washizu,鷲巢,,
Washizu,鷲津,,
Washida,鷲田,,
Washino,鷲野,,
Washizu,鷲頭,,
Takatori,鷹取,,
Takatsukasa,鷹司,,
Takasu,鷹巢,,
Takamori,鷹森,,
Takami,鷹見,,
Takano,鷹野,,
Sagi,鷺,,
Sagitani,鷺谷,,
Shioiri,鹽入,,
Enya,鹽冶,,
Shiode,鹽出,,
Shiobara,鹽原,,
Shiotsuka,鹽塚,,
Shiojiri,鹽尻,,
Shioya,鹽屋,,
Shiojima,鹽島,,
Shiokawa,鹽川,,
Shiotsuki,鹽月,,
Shiogi,鹽木,,
Shiozu,鹽津,,
Shiozawa,鹽澤,,
Shiohama,鹽濱,,
Shioda,鹽田,,
Shiowaki,鹽脅,,
Shiomi,鹽見,,
Shiono,鹽野,,
Shionoya,鹽野谷,,
Shiosaka,鹽阪,,
Shiaku,鹽飽,,
Kagoshima,鹿兒島,,
Shikanai,鹿內,,
Katori,鹿取,,
kaji,鹿地,,
Kanokogi,鹿子木,,
Shikayama,鹿山,,
Kashimada,鹿島田,,
Kashimura,鹿志村,,
kamochi,鹿持,,
Kage,鹿毛,,
Kanuma,鹿沼,,
Shikahama,鹿濱,,
Shikatani,鹿谷,,
Shikatsube,鹿都部,,
Shikama,鹿間,,
Kato,鹿頭,,
Fumoto,麓,,
Asada,麻田,,
Kise,黃瀨,,
Kuroi,黑井,,
Kuroko,黑子,,
Kurooka,黑岡,,
Kuroiwa,黑岩,,
Kuroshima,黑島,,
Kurosaki,黑崎,,
Kurokawa,黑川,,
Kuroki,黑木,,
Kuromatsu,黑松,,
Kuroita,黑板,,
Kuroyanagi,黑柳,,
Kokusho,黑正,,
Kuroe,黑江,,
Kurokawa,黑河,,
Kurokouchi,黑河內,,
Kuronuma,黑沼,,
Kurotaki,黑瀧,,
Kurose,黑瀨,,
Kuroishi,黑石,,
Kuroha,黑羽,,
Kurotani,黑谷,,
Kuromame,黑豆,,
Kurobe,黑部,,
Kurono,黑野,,
Kurogane,黑金,,
Kurosaka,黑阪,,
Kurosu,黑須,,
Kurokoma,黑駒,,
Mayuzumi,黛,,
Saikawa,齊川,,
Saiki,齊木,,
Saida,齊田,,
Saito,齊藤,,
Inbe,齋部,,
Ryu,龍,,
Tatsumura,龍村,,
Ryujin,龍神,,
Ryutanji,龍膽寺,,
Ryuzoji,龍造寺,,
Kamei,龜井,,
Kameyama,龜山,,
Kameoka,龜岡,,
Kameshima,龜島,,
Kamezaki,龜崎,,
Kamekawa,龜川,,
Kamezawa,龜澤,,
Kameda,龜田,,
Kikko,龜甲,,
